smiles,y
CC(=O)N1CCC2(CCCN(C(=O)Nc3cccc(F)c3)C2)CC1,0
c1ccc(COc2ccccc2CNc2nn[n-]n2)cc1,0
CC1(C)CC(=O)N(c2ccccc2)C1(C)O,0
COc1ccccc1NC(=O)C1CCCN(S(=O)(=O)c2cccc3nsnc23)C1,0
COc1cc(CCN2C(=O)N[C@@H](c3cccc(C(F)(F)F)c3)C(C(C)=O)=C2C)cc(OC)c1OC,0
Cc1ccccc1-c1nnn(CC(=O)N2CCN(S(=O)(=O)c3ccc(Cl)cc3)CC2)n1,0
COC(=O)CN(C(=S)Nc1ccc(F)cc1)C1CC(=O)N(c2ccc(OC)cc2)C1=O,0
COc1ccc(NS(=O)(=O)c2cc(NC(=O)C3CCCCC3)ccc2N2CCOCC2)cc1,1
O=C([O-])c1ccc(NC(=O)c2cccs2)cc1,0
CCOC(=O)Cn1c(N2CCOCC2)nc2c1c(=O)[nH]c(=O)n2C,0
CC(=O)Nc1ccc(Sc2ncccc2C(=O)Nc2cc(Cl)cc(Cl)c2)cn1,0
CC(=O)O[C@@H]1C[C@@]2(C)C(c3ccoc3)C[C@H]3O[C@]32[C@]2(C)C(=O)C(O)=C3C(C)(C)C(=O)C=C[C@]3(C)C12,0
CCOC(=O)Cc1csc(NC(=O)c2c(-c3c(Cl)cccc3Cl)noc2C)n1,0
COC(=O)C(NC(=O)c1ccccc1)(Nc1nccs1)C(F)(F)F,0
Cc1ccc(C(C)C)c(OCCNC(=O)c2cncc(Br)c2)c1,0
CN(CCO)c1cc(N(C)CCO)c([N+](=O)[O-])cc1[N+](=O)[O-],1
CCOC(=O)c1ccc[n+](CC(=O)c2ccccc2)c1,0
CCN(CC)c1ccc(/C=N/NS(=O)(=O)c2ccc(C)c([N+](=O)[O-])c2)cc1,1
CCOc1cccc(N2C(=O)CC(n3cnc4ccccc43)C2=O)c1,0
Cc1ncc([N+](=O)[O-])n1CCN=[N+]=[N-],0
COc1cc(OC)nc(NC(=S)NC(=O)c2ccccc2)n1,0
Cc1cc(N)n(Cc2cccs2)n1,0
COc1ccc2c3ncn(N)c(O)c-3nc2c1,0
COc1ccc2[nH]cc(CC[NH3+])c2c1,0
CCn1c(Cc2ccccc2)nnc1SCC(=O)Nc1nc(C)cs1,0
COC(=O)CSc1nc2nc(C)cc(C)n2n1,0
COc1ccc(-c2noc(C[NH+]3CCCCC3c3nccn3C)n2)cc1,0
CC(C)(C)NC(=O)CN(Cc1cccs1)C(=O)CCN1CCc2ccccc21,0
O=S(=O)(c1ccc2nc(O)c(O)nc2c1)N1CCN(c2ccccc2)CC1,0
CCOc1ccc(C2NC(=O)NC(C)=C2C(=O)OC)cc1C,0
O=C(COc1ccc(Br)cc1C[NH2+]C1CCCC1)Nc1ccccc1,0
CC(=O)Oc1cccc(N2C(=O)C3C4C=CC(C4=C(C)C)C3C2=O)c1,1
CCn1c(Cc2ccccc2)nnc1SCC(=O)Nc1nnc(-c2ccccc2)s1,0
Cc1cc(C(=O)N/N=C/c2ccc([N+](=O)[O-])cc2)c2ccccc2n1,0
O=C(CN1CC[NH+](CC(=O)Nc2ccccn2)CC1)Nc1ccccn1,0
O=C(Nc1nncs1)c1cccnc1Cl,0
COc1cccc(-n2c(C)nn(C)c2=O)c1,0
CCC(=O)N1CCN(C(=O)CC)C1c1ccccc1,0
Cc1ccnc(NC2(C(F)(F)F)[NH+]=C(c3ccccc3)NC2=O)c1,0
CCOC(=O)N1CCC(NC(=O)c2ccc(CO)c(C(=O)NC3CCN(C(=O)OCC)CC3)c2)CC1,0
Cc1ccc(CN2C(=O)CCC2C(=O)NCCC[NH+]2CCCCC2C)cc1,0
CC(C)(C)[NH2+]CC(O)Cn1cc(C=O)c2ccccc21,0
COc1ccc(C)cc1NC(=O)c1cc2c(s1)CCC2,0
c1cnc2ncc3sccc3c2c1,0
CN(C)c1nnnn1Cc1ccc(Cl)cc1Cl,0
Cc1ccc(NC(=O)NNC(=O)c2cccs2)cc1,0
Cc1ccc(CNC(=O)C2CN(S(C)(=O)=O)c3cc(Cl)ccc3O2)cc1,0
Cc1cc[n+](CC(=O)c2ccc(NC(=O)c3ccccc3)cc2)cc1,0
CN1c2ccccc2-c2nc3ccccc3n2C1c1ccncc1,0
O=C(COC(=O)c1ccc2c(c1)OCO2)NCc1ccc(Cl)cc1,0
CC(C)(C)OC(=O)N[C@@H](Cc1ccccc1)C(=O)N1CCC(C(=O)[O-])CC1,0
CC(=O)Nc1ccc2c(c1)CCCN2C(=O)c1ccccc1,1
CCNC(=S)N1CCC(NC(=O)C2CCCCC2)CC1,0
CC1=C(C(=O)OCC2CCCO2)C(c2ccc(C)cc2)C2=C(O)CCCC2=N1,0
CN(C)S(=O)(=O)N1CCCN(S(=O)(=O)N(C)C)CC1,0
O=C(CCS(=O)(=O)c1ccc(Br)cc1)N1CCN(c2ccccc2)CC1,0
O=C(CC(Cc1ccccc1)c1ccco1)NC1CCCCC1,0
CC1(OC(=O)C2CCCC2)C(=O)C=C2C=C(c3ccsc3)N(C3CC3)C=C2C1=O,0
CCc1nnc(NC(=O)CSc2nnc(-c3ccccc3O)o2)s1,0
O=C([O-])CCCC(=O)Nc1c(F)c(F)c(F)c(F)c1F,0
Nc1ccc(N2CCCCC2)c(S(=O)(=O)Nc2ccc(Cl)cc2)c1,0
CC(/C=N/NC(=O)c1ccco1)=C\c1ccccc1,0
CCC(=O)N1CCn2c1nc1ccccc12,0
CC(C(=O)NN)c1ccc([N+](=O)[O-])cc1,0
Cc1csc(NC(=O)c2ccco2)n1,0
O=S(=O)(Nc1cccc2nsnc12)c1ccccc1,0
Cc1cc(C)n(NC(=S)NC2CCCCC2)c(=O)c1C#N,0
O=C(Nc1nc(-c2ccccc2)ns1)c1cccs1,0
COCCCn1c(SCC(=O)Nc2ccc(C)cc2)nc2ccccc2c1=O,0
Cc1cc(C)cc(NC(=O)COc2ccc(C(=S)N3CCOCC3)cc2)c1,0
O=C(NCCc1c[nH]c2ccccc12)c1cnc2n(c1=O)CCS2,0
CCCCNC(=S)NNC(=O)c1csc(C)c1CC,0
CCc1cc2c(=O)n(CC(C)C)cnc2s1,0
CC1CCN(S(=O)(=O)c2ccc(C(=O)NCc3ccco3)cc2)CC1,0
CCOC(=O)c1sc(NC(=O)CCCn2nc([N+](=O)[O-])cc2C)c(C(=O)OCC)c1C,0
COc1ccc(C(C)=O)cc1CSc1nnc2c(Cl)cc(Cl)cn12,0
O=C(Nc1ccc(N2CCOCC2)c(Cl)c1)c1ccc(Cl)cc1,0
C/C(Cn1nnc2ccccc21)=N/OC(=O)c1c(F)cccc1F,0
COC(=O)c1ccc(CSc2nnc(NC(=O)C3CC(=O)N(Cc4ccc(C)cc4)C3)s2)cc1,0
CCCS(=O)(=O)N1CCCC(C(=O)NCCCOC(C)C)C1,0
CN(Cc1ccccc1)C(=O)CN1CC[NH+](C(c2ccccc2)c2ccccc2)CC1,0
O=C(CC1C(=O)NCC[NH+]1Cc1ccc(F)cc1)NCCCn1cccn1,0
O=C(CSc1ccccn1)Nc1ccc2ccccc2c1,0
Nc1nn(S(=O)(=O)c2ccccc2)cc1-c1ccc([N+](=O)[O-])cc1,0
COc1ccc(CC[NH+]2CC(=O)C(c3nc(C)cs3)=C2N)cc1OC,0
CCCCc1nnc(NC(=O)C(C)Sc2nc(C)cc(O)n2)s1,0
COc1cc(/C(C#N)=C/c2ccccc2)c([N+](=O)[O-])cc1OC,0
O=S(=O)(Nc1ccc(-c2nc3ccccc3o2)cc1)c1ccccc1,0
Cc1ccc(Cl)cc1NC(=O)COC(=O)C1CCCCC1,0
O=C(OCC(=O)N1CCc2ccccc21)c1cncc(Br)c1,0
CCOc1ccc2nc(NC(=O)c3c([N+](=O)[O-])cnn3CC)sc2c1,0
CC(C)C(=O)Nc1ccc(-c2csc(-c3ccccc3)n2)cc1,0
CSc1ccc(NC(=O)Nc2ccccc2C(N)=O)cc1,0
O=C([O-])c1cc(=O)cc(C(=O)[O-])[nH]1,0
O=C(ONC1=[NH+]CCCCC1)c1c(F)cccc1F,0
COC(=O)c1cc2sc(Cl)cc2n1CC(=O)Nc1ccc(OC)c(OC)c1OC,0
CCOC(=O)C(=[NH+]Nc1ccccc1)N1CC1,0
O=C(Nc1ccccc1)N1CCCC(c2nc(-c3ccc(F)cc3)no2)C1,0
O=C(CC1C(=O)N(c2ccc(F)cc2)C(=O)N1Cc1ccccn1)Nc1ccccc1,0
COc1ccc2c(c1OC)C(=O)N1N=C(c3ccccc3)CC21,0
COCC1CCC[NH+](Cc2cn(-c3ccccc3F)nc2-c2cc(C)sc2C)C1,0
NC(=O)N1c2ccccc2C=Cc2ccccc21,0
O=c1[c-](CCS(=O)c2ccccc2)c(=O)n(-c2ccccc2)n1-c1ccccc1,0
FC(F)(F)c1ccc(N2CCOCC2)c(NC2=[NH+]CCCCC2)c1,0
O=C1CC([NH+]2CCN(CCc3ccccn3)CC2)C(=O)N1c1ccc(Cl)cc1,0
COc1cc(NS(=O)(=O)c2ccc(NC(C)=O)cc2)ncn1,0
Oc1ccc(NC(=S)Nc2ccccc2)cc1,0
Cc1cc(C(=O)Nn2c(-c3ccncc3)nc3ccccc3c2=O)ccc1[N+](=O)[O-],0
COC(=O)NC(/C=C/c1ccccc1)[C@]1(C(C)=O)CCCC1=O,0
Cc1ccc(C)c(NC(=O)COc2cccc3c2CCN(Cc2ccccc2)C3=O)c1,0
CC(=O)c1ccccc1NS(C)(=O)=O,0
CCOC(=O)c1ccc(-c2cccc(C(F)(F)F)c2)nc1C,0
CCCNc1[nH]cnc2ncnc1-2,0
C/C(Nc1ccc(Cl)cc1)=C(/C#N)C(N)=O,0
CCOCCCN1C[NH+](Cc2ccccc2)CNC1=S,0
C/C(NC(=O)c1cccc(F)c1)=C1/C(=O)C[C@@H]2[C@H]1C2(C)C,0
COc1ccc(Cl)cc1Nc1nc(N)nc(C(F)(F)F)n1,0
CCOc1ccccc1N(C(=O)CNC(=O)c1ccco1)C(C(=O)NC1CCCC1)c1cccnc1,0
CCNc1nc(NCC)nc(NC(N)=S)n1,0
COc1ccc2c(c1)c(CC(=O)[O-])c(C)n2C(=O)c1ccc(Cl)cc1,0
Cc1nc2ccccc2c2c(N)c3ccccc3n12,0
O=S(=O)(NCc1ccncc1)c1ccc(Br)s1,0
C[NH+]1CCN(c2ccc(C(=O)c3ccccc3)cc2[N+](=O)[O-])CC1,0
Nc1ccc(NC(=O)c2ccco2)c(Cl)c1,0
CCCC1(C(=O)OC)[NH2+]C(c2ccco2)C2C(=O)N(c3ccc(C)cc3)C(=O)C21,0
CCNC(=S)N1CC[NH+](CC(=O)Nc2ccc(OC)cc2)CC1,0
Cc1cc(C)n(C(=O)c2ccc(C)c(F)c2F)n1,0
COc1cc2c(cc1OC)C(c1c[nH]c3ccccc13)[NH2+]CC2,0
CCN(CC)S(=O)(=O)c1ccc(N2CCOCC2)c(NC(=O)c2c3c(nc4ccccc24)CCC3)c1,1
CCC(C)(C)n1nnnc1C(c1ccc(C)cc1)[NH+]1CCSCC1,0
Cc1c(C(=O)Nc2ccncc2)oc2ccccc12,0
COC(=O)C/C=C\[C@@H](C)[C@@H](/C=N\O[C@@H](C)CN1CCCCc2nc(C)c(C)cc21)NS(=O)(=O)c1ccc(C)cc1,0
O=C(CNS(=O)(=O)c1cccs1)NCc1ccc(F)cc1,0
Cc1c(C(=O)[O-])cccc1[N+](=O)[O-],0
COC(=O)C(NC(=O)c1ccco1)(Nc1ccc(Br)cn1)C(F)(F)F,0
COC(=O)c1ccccc1NC(=O)c1ccco1,0
O=C(Nc1ccc(C(=O)N2CCOCC2)cc1)c1cccs1,0
COC(=O)C1=NN(C(=O)c2ccccc2)C(C)(O)C1,0
Cc1n[nH]c([O-])c1/N=N/c1ccc(Cl)cc1,0
O=C(Nc1ccccc1)c1ccccc1NC(=O)C(F)(F)F,0
O=C(CSc1nnc(C2CC2)n1Cc1ccccc1)N1CCN(S(=O)(=O)c2ccccc2)CC1,0
CCOC(=O)c1sc(NC(=O)CSc2nc(C)cc(C)n2)c(C#N)c1C,0
Cc1onc(-c2c(F)cccc2Cl)c1C(=O)Nc1nc2c(s1)CCCC2,0
Cn1cc(C[NH+](C)CC2COCCO2)c(-c2ccc(Oc3ccccc3)cc2)n1,0
O=C(c1cnc2ccc(S(=O)(=O)N3CCOCC3)cc2c1O)N1CCCC1,0
CS(=O)c1ccccc1[O-],0
CN(c1ccc(C(=O)NCCC2=CCCCC2)cc1)S(C)(=O)=O,0
O=C(CSc1nnc(O)nc1O)N/N=C/C=C\c1ccccc1,0
CCOC(=O)C1CCCCC12C(C#N)=C([NH3+])Oc1[nH]nc(C)c12,0
CN(Cc1ccccc1)S(=O)(=O)c1ccc(S(=O)(=O)N(Cc2ccc(F)cc2)C2CCCC2)cc1,0
Cc1ccc(/C=C/C(=O)NCCCc2ccccc2)cc1,0
COc1ccccc1N1CC[NH+](CC(=O)Nc2cccc(F)c2)CC1,0
CC/C(O)=C(\C#N)c1nnc2n1CCCCC2,0
CC(C)(C)n1nnnc1CN1CC[NH+](C(c2ccccc2)c2ccccc2)CC1,0
Cc1ccccc1CN(c1ccc(C(=O)N2CCc3ccccc3C2)cc1)S(C)(=O)=O,0
C=CC[N+]1(C)C2CCC1CC(O)C2,0
N#CCCn1nnc(-c2ccccc2F)n1,0
O=C(NC1CCCCC1)C(c1cccnc1)N(C(=O)CCl)c1ccccc1Cl,0
C=CCc1ccc(OCCOc2cccc3cccnc23)c(OC)c1,0
Cc1nn(-c2ccccc2)c(Cl)c1C(=O)Nc1nnc(C2CCCC2)s1,1
Cc1nc(C(F)(F)F)c(C(=O)NNC(=[NH2+])c2cccnc2)s1,0
N#CCCCSc1nnnn1-c1cccc(Cl)c1,0
C/C(=N\NC(=S)NC(C)C)c1ccc(Cl)s1,0
COc1ccc(NC(=O)COC(=O)/C=C/c2ccccc2[N+](=O)[O-])cc1OC,0
CCCCC(=O)NC(c1ccco1)c1cc(Cl)c2cccnc2c1O,0
COc1ccc(N2CC[NH+](C(CNC(=O)C3CCCCC3)c3cccnc3)CC2)cc1,0
Cc1ccc(NS(=O)(=O)c2cccc([N+](=O)[O-])c2)nc1,1
O=C(N/N=C/C=C\c1cccc([N+](=O)[O-])c1)c1ccccn1,0
Cc1ccc(C)c(N2CCN(C(=O)CC3Sc4ccccc4NC3=O)CC2)c1,0
CCc1cccc(CC)c1NC(=O)CO[NH+]=C(N)CC(=O)NC1CCCCC1,0
Cc1ccc2[nH]c(SC(C)C(=O)NCc3ccc4c(c3)OCO4)nc2c1,0
COc1ccc(N2C(=O)C[NH+]=C2Nc2cccc(C)c2C)cc1OC,0
CC1CC(C)C[NH+](CCCNC(=O)c2cc3c(O)nc4ccccc4c3n2C)C1,0
O=[N+]([O-])c1cccc(/C=N/n2c([S-])nnc2C2CCCCC2)c1,0
CC(=O)c1ccccc1C(=O)NCc1cccnc1,0
CS(=O)(=O)N1CCC(Oc2ccccc2C(=O)NCCCc2cccnc2)CC1,0
O=C([O-])C(O)C(O)C(=O)[O-],0
COc1ccc(C(=O)n2nc(C)cc2C)cc1OC,0
COc1ccc(CCN(C)C(=O)CNC(=O)c2ccccc2F)cc1OC,0
CC(Oc1ccc(Cl)cc1Cl)C(=O)NCCC[NH+](C)C,0
CS(=O)(=O)N(CC(=O)NCc1ccccc1Cl)Cc1ccccc1,0
O=S(=O)(NC1=NCCC1)c1ccc(F)cc1,0
O=C1OC(c2ccccc2)c2ccccc21,1
CCN(CC)c1ccc(/C=N/NC(=O)c2cnccn2)cc1,1
COc1cc2c(cc1C1NC(S)=[NH+]C(C)=C1C(N)=O)CCCC2,0
Cc1c(NC(=O)CSc2nnnn2-c2ccc(C(=O)[O-])cc2)c(=O)n(-c2ccccc2)n1C,0
Cc1sc2nc(SC(C)C)nc(N)c2c1C,0
O=C(Nc1ccc(SC(F)F)cc1)c1ccccc1F,0
COc1cccc(C(=O)N2CCn3c2nc2ccccc23)c1,0
COC(=O)Cc1cc(O)n2nc(C(F)(F)F)nc2n1,0
CCc1[nH]nc2c1/C(=N\O)CC(c1ccccc1)C2,0
c1ccc(CNc2nc3ccccc3n3cnnc23)nc1,0
COc1ccc(Oc2ccccc2/C=C/C(=O)[O-])cc1,0
COc1ccccc1N1CCN(C(=O)CSc2nc(C)cc(O)n2)CC1,0
CCOc1ccccc1C[NH+]1CCN(S(=O)(=O)CC)CC1,0
COc1ccc(-n2c(=S)[nH]c3cc(C(=O)NCc4ccco4)ccc3c2=O)c(OC)c1,1
CCN(Cc1ccccc1)C(=O)COC(=O)c1cnc(C)cn1,0
COC(=O)c1ccc(CSc2nccn2C)cc1,0
O=C(CCC(=O)Nc1ccc(F)cc1)N/N=C/c1ccccc1O,0
O=C(OCn1ncc(Cl)c(Cl)c1=O)c1cccc(C(F)(F)F)c1,1
CC1CCCN(S(=O)(=O)c2coc(C(N)=O)c2)C1,0
CC(=O)n1c2ccccc2c2ccccc21,0
COC(=O)C1=C(C(=O)OC)[C@@H]2N(C)c3ccccc3[C@@]23C[C@@H](C(=O)OC)N(S(=O)(=O)c2ccc(C)cc2)C3=N1,0
O=C(C[NH+]1CCOCC1)N/N=C/c1ccc(C(=O)[O-])cc1,0
S=C(NC1CC1)NC1CCCc2ccccc21,0
O=C(Nc1ccc(N2CCCCC2)cc1)c1ccccn1,0
c1ccc(Nc2nc(-c3cccs3)cs2)nc1,0
O=C(Oc1cccc(NC(=O)c2ccco2)c1)c1cccc(S(=O)(=O)N2CCCCC2)c1,0
CCCCOc1ccc(/C=C/C(=O)Nc2ccc([N+](=O)[O-])cc2C)cc1,0
Cc1n[nH]c(C)c1S(=O)(=O)N1CCN(c2ccccn2)CC1,0
CCCCCCn1c(SCC[NH+]2CCOCC2)nc2c1c(=O)[nH]c(=O)n2C,0
O=C(C1=C(O)C(=O)N(CCOCCO)C1c1cccs1)c1cccs1,1
Cc1ccc(C(c2sc3nc(C)nn3c2O)[NH+]2CC(C)OC(C)C2)cc1,0
CCOc1cc(/C=N/NC(=O)Cc2ccc(C(F)(F)F)cc2[N+](=O)[O-])c(Br)cc1OC,0
CC(=O)Nc1ccc(OC(=O)CC2SC(=O)[N-]C2=O)cc1,0
O=[N+]([O-])c1ccc(Cl)c(S(=O)(=O)NCC2CCCO2)c1,0
CC1(C)O[C@H]2[C@@H](O1)[C@@H](On1nnc3ccc(Cl)cc31)O[C@@H]2[C@@H]1COC(C)(C)O1,0
COc1ccc(N2C(=O)CCC(C(=O)Nc3ccccn3)C2c2ccc(OC)c(OC)c2)cc1,0
Cc1ccccc1CN(c1ccc(C(=O)NCC2CCCO2)cc1)S(C)(=O)=O,0
COc1ccc(C[C@H](C)[NH2+]C[C@@H](O)c2ccc(O)c(NC=O)c2)cc1,0
O=C(CCc1nnc(C2CCCCC2)o1)N1CC[NH+](C2CCCCC2)CC1,0
O=C(COC(=O)CCCOc1ccc(Cl)cc1Cl)NCc1ccccc1,0
CC(=O)Nc1ccc(NC(=O)Cn2ccc([N+](=O)[O-])n2)cc1,0
CC(C)(C)CC(=O)Nc1ccc(Nc2ccccc2)cc1,0
C=CCNC(=S)NNC(=O)c1csc(CC)c1,0
CCn1c(SCC(=O)Nc2ccccc2F)nc2c(c1=O)SC(C)C2,0
Cc1ccc(C(=O)NCC(=O)OCC(=O)c2cc(C)n(Cc3ccco3)c2C)cc1,0
COc1ccc(NS(=O)(=O)c2ccc3[nH]c(COc4ccc(Cl)c(C)c4)nc3c2)cc1,0
CCCc1n[nH]c2c1C(c1ccc(OCC[NH+]3CCOCC3)c(OC)c1)C(C#N)=C([NH3+])O2,0
CCOC(=O)N1CCC(=NNC(=O)COc2ccc(C#N)cc2)CC1,0
O=c1c(Cl)nc2cc(Cl)ccc2n1CCNc1ncc(C(F)(F)F)cc1Cl,0
O=C(Oc1cccnc1)c1ccc(Cl)c(Cl)c1,0
O=C(Nc1c2c(nn1-c1ccc(F)cc1)CSC2)c1ccc(S(=O)(=O)N2CCOCC2)cc1,0
COc1ccccc1-n1c(COc2ccccc2-c2ccccc2)nnc1SCC(=O)c1c(N)n(C)c(=O)n(C)c1=O,0
Cc1ccccc1-c1nc(C[NH+]2CCC(C(=O)NCc3cccnc3)CC2)c(C)o1,0
COCCNC(=O)Cn1cc(C(=S)N2CCCCC2)c2ccccc21,0
Cc1ccccc1-c1cc(N2CC[NH2+]CC2)ncn1,0
Cc1nnc(NC(=O)c2cc3n(n2)C(C(F)(F)F)CC(C2CC2)N3)s1,0
Cc1ccc2nc(NC(=O)Cn3cc4c(n3)CCCCC4)sc2c1,0
COc1ccc(NC(=O)C2CCN(S(=O)(=O)c3cccc4cccnc34)CC2)cc1OC,0
CCC(C)NC(=O)CSc1c2c(nc3ccccc13)CCCC2,0
CSc1nc(NC(C)C)nc(NC(C)C)n1,0
CC(=O)N(CCC[NH+]1CCOCC1)Cc1ccncc1,0
CCOC(=O)CSc1nnc(-c2ccc(S(=O)(=O)N3CCC(C)CC3)cc2)o1,0
O=C(Cc1c[nH]c2ccccc12)Nc1cccc(S(=O)(=O)N2CCCCC2)c1,0
O=C(Cn1nnc(-c2ccc(S(=O)(=O)N3CCCC3)cc2)n1)NCC1CCCO1,0
CCOC(=O)c1cccc(N2C(=O)C3C(C2=O)C2C=CC3C23CC3)c1,0
COc1ccccc1C(=O)NNC(=S)NC(=O)c1sc2ccccc2c1Cl,0
C=CCn1c(=N)n(CC(=O)[O-])c2ccccc21,0
O=[N+]([O-])c1ccccc1-c1ccc(/C=N/n2cnnc2)o1,0
Cc1ccc(S(=O)(=O)Oc2cc(S(=O)(=O)[O-])cc3cc(S(=O)(=O)[O-])cc(N)c23)cc1,0
CSc1ccccc1C(=O)N1CCN(c2ccc(F)cc2)CC1,0
O=C(COC(=O)Cc1ccsc1)NC1CCCCCC1,0
N#Cc1c([O-])ncc(/C=N/NCCO)c1Nc1ccccc1,0
c1ccc(-n2c(SCC3CCCCO3)nnc2-c2cccs2)cc1,0
CCN(CC)S(=O)(=O)c1ccc(C(=O)Oc2coc(CSc3nc(C)cc(C)n3)cc2=O)cc1,0
COc1cc(/C=C/C(=O)OCC(=O)NCc2cccs2)ccc1OCC#N,0
Cn1c(N/N=C/c2cccs2)nc2c1c(=O)n(Cc1ccccc1)c(=O)n2C,0
CCOC(=O)c1ccc(NC(=O)Nc2ccc(Cl)cn2)cc1,0
O=C(NNc1ccccn1)C(=O)NNS(=O)(=O)c1ccc(Cl)cc1,0
Cc1ccc(-c2nc(-c3cccnc3)sc2CC(=O)Nc2ccc3nc(C)sc3c2)cc1,0
Cc1ccc(/C=N/NC(=O)CNC(=O)COc2ccccc2)o1,0
COC(=O)/C(=C/c1ccco1)NC(=O)c1ccccc1,0
Cc1cc(N(CC(=O)[O-])S(C)(=O)=O)ccc1Br,0
CS(=O)(=O)N(CCc1ccccc1)CC(=O)N1CC[NH+](Cc2ccc3c(c2)OCO3)CC1,0
OC1(c2ccccc2F)CC[NH+](Cc2nnnn2Cc2ccc(F)cc2)CC1,0
Cn1cccc1C[NH+]1CCN(C(=O)COc2ccccc2)CC1,0
Cc1cc(Cl)c(S(=O)(=O)NC2CCCC2)cc1OCC(=O)NC1CCCCC1,0
c1ccc(COC2CCC[NH+](Cc3nc(Cc4ccccc4)no3)C2)cc1,1
C/C(=N\Nc1nc2ccccc2[nH]1)c1ccc(C)o1,0
[NH2+]=C(NC(=O)c1ccc(Cl)cc1)N1N=CCC1c1ccccc1,0
COc1cc(C[NH2+]CCc2ccccc2F)ccc1OCC(=O)N1CCCCC1,0
CCN(CC)S(=O)(=O)c1ccc(OC)c(NC(=O)COc2ccccc2[N+](=O)[O-])c1,0
CCOC(=O)CSc1nnc(CNC(=O)c2cccs2)n1-c1ccccc1,0
CCOC(=O)C1=C(CC)OC([NH3+])=C(C#N)C1c1ccsc1,0
COc1ccc2c(c1)N(C)C(=O)CC(c1ccccc1)=N2,0
Cc1cc(NC(=O)C2CCCN(S(=O)(=O)c3c(C)noc3C)C2)no1,0
CC1(C)CC(O)CC(C)(C)[NH+]1CC(O)COCCOc1ccc(Br)cc1,0
CSCC[C@H](NC(=O)NCc1ccccc1F)C(=O)[O-],0
O=C(CCl)N(c1ccccc1)c1ccccc1,1
CN(CCO)c1cc(NCCC[NH+]2CCC(Cc3ccccc3)CC2)c2nonc2c1[N+](=O)[O-],0
O=C(C1CCN(S(=O)(=O)c2cccc3nsnc23)CC1)N1CCn2c1nc1ccccc12,0
CC(=O)c1c(O)nc2ccccc2c1-c1ccc(Cl)cc1,0
C#CCSc1nnc(-c2ccccc2)c(O)n1,0
COc1ccc(/C=C2/CCc3ccccc3C2=O)cc1OC,0
O=C(Cc1ccccc1)NCCS(=O)c1ccc(Cl)cc1,0
CCc1nnc(NC(=O)c2ccc3ncsc3c2)s1,0
CCOC(=O)CC(=O)NC1(Cc2ccc(O)cc2)CCCCC1,0
O=C([O-])CCSc1ccc2ccccc2n1,0
CC1(C)CC(=O)C2=C(C1)N(CC1CCCO1)C(=O)NC2(C(F)(F)F)C(F)(F)F,0
COCCNC(=O)COc1ccc(Oc2ccccc2)cc1,0
NC(=[NH2+])CCCOc1ccccc1-c1ccccc1,0
CC(CCc1ccccc1)NC(=O)c1ccc(Br)o1,0
Cc1ccc(-c2noc(CCC(=O)NCC[NH+]3CCOCC3)n2)cc1,0
Cc1nc(OCc2ccccc2)c2ccccc2n1,0
O=C(Nc1cccnc1Cl)c1noc2c1CCc1ccccc1-2,0
OC(COC(c1ccc(F)cc1)c1ccc(F)cc1)C[NH+]1CCc2ccccc2C1,0
Cc1ccc(-n2c(N)c(C(=O)Nc3c(C)n(C)n(-c4ccccc4)c3=O)c3nc4ccccc4nc32)cc1C,0
Cc1nn(C(=O)c2ccco2)c(C)c1Sc1ccccc1,0
O=C(COC(=O)C(Cc1ccccc1)NC(=O)c1ccco1)NC1CC1,0
CC1C[NH+](Cc2cc(O)nc(C3CC3)n2)CC(C)O1,0
O=C(N/N=C/c1cc(Br)cs1)c1ccc2c(c1)OCCO2,0
Cc1cc(N2CCOCC2)c2c(N)cc(C)c(C)c2[nH+]1,0
CC12CCC(C(=O)N(NC(=O)c3ccccc3Cl)C1=O)C2(C)C,0
CCOC(=O)C1=NNC2(c3ccccc3)C(=O)N(c3cccc(Br)c3)C(=O)C12,0
CC1CN(C(=O)c2cccc(COc3ccc(Br)cc3)c2)CC(C)O1,0
CN(C)S(=O)(=O)N(CC(=O)NCc1ccc(Cl)cc1Cl)c1ccccc1,0
CO[C@@H]1COC(=O)C/C=C\[C@@H](C)[C@@H]2C=C[C@@H](O)[C@@H](COC(=O)C/C=C\[C@H]1C)O2,0
CC(=O)NS(=O)(=O)c1ccc(N2C(=O)c3ccccc3C2=O)cc1,0
CCOC(=O)CCC(=O)c1c(C)oc2ccc(OC)cc12,0
Cc1ccc(C)c(C(=O)N(C)CC(=O)Nc2ccccc2C(F)(F)F)c1,0
Cc1ccc2c(C(=O)C[NH+]3CCOCC3)c(C)[nH]c2c1,0
CCS(=O)(=O)NC(C)C(c1cccs1)[NH+]1CCN(C)CC1,0
O=S(=O)(c1ccccc1Cl)N1CCC(O)(c2cccnc2)CC1,0
NC(=O)NC(Cc1ccccc1)C(=O)Nc1ccc(S(N)(=O)=O)cc1,0
COc1ccc(N2CCN(C(=O)Cn3cnc4c(cnn4-c4ccccc4)c3=O)CC2)cc1,0
CCOC(=O)COn1c(=O)c(-c2ccco2)[n+]([O-])c2ccccc21,0
COc1ccc(-c2csc(NC(=O)CN3C(=O)CCC3=O)n2)cc1,0
CCOCCCn1c(SCC(=O)Nc2ccc(C(N)=O)cc2)nc2ccccc2c1=O,0
Cc1nn(CC(=O)N2CC[NH+](Cc3ccccc3)CC2)c(=O)c2ccccc12,0
COc1ccccc1NC(=O)CCN1CC[NH+](CCC(=O)Nc2ccccc2OC)CC1,0
Cc1ccc(C2=CC[NH2+]CC2)cc1,0
CCN(CC)S(=O)(=O)c1ccc(C(=O)OCC(=O)Nc2ccc(-c3nc4ccc(C)cc4s3)cc2)cc1,0
CC(C)CC[NH+]1CCN(Cc2nc3ccccc3s2)CC1CCO,0
COc1ccc(N(C(C)C(=O)Nc2cccnc2)S(C)(=O)=O)cc1,0
CC(C)COc1ccc(-c2nnn(CC(=O)N3CCCC3)n2)cc1,0
COCCNC(=O)C(c1ccccc1)N(CCOC)C(=O)Cn1nnc2ccccc21,0
Cn1c(=O)c2c(nc(N/N=C\c3ccccc3C(=O)[O-])n2C)n(C)c1=O,0
Cc1ccc(NC(=O)CC2SC3=[NH+]CCN3C2=O)cc1,1
Cn1c(=O)c([N+](=O)[O-])c(NCCc2ccccc2)c2ccccc21,0
O=C(c1ccccc1[N+](=O)[O-])n1cnc2ccccc21,0
Cc1[nH]c2ccccc2c1C(=O)CSc1nc2cc(Cl)c[nH]c-2n1,0
CCc1c([O-])n(-c2ccccc2C)c(SCC(=O)N2CCCCC2)nc1=O,0
CC(C)c1[nH+]cc(C(O)c2cccc3ccccc23)n1C,0
COc1ccc(C(=O)N2CCOCC2)cc1S(=O)(=O)N1CCC(C)CC1,0
COc1cccc(C(=O)/C=C/c2ccc(SC)cc2)c1,1
CCN(Cc1ccccc1)S(=O)(=O)c1cc(C(=O)NC(C)C2CC3CCC2C3)ccc1OC,0
CCOCCCNC(=O)C(NC(=O)c1cnccn1)c1ccc(C)cc1,0
CC12CCC(C(=O)N3CCCCCC3)(OC1=O)C2(C)C,0
O=[N+]([O-])c1cc2cccnc2c2ncccc12,0
CN1CC[NH+](Cc2cn3cccnc3n2)CC1,0
CCOC(=O)CC(=O)CSc1nnc2sc3ccccc3n12,0
O=C(Nc1nccs1)C1CCN(S(=O)(=O)c2c[nH]cn2)CC1,0
COc1cccc(NC(=O)CSc2nnc(Cn3nnc4ccccc43)n2C)c1,0
CCN(CC)S(=O)(=O)c1cccc(NC(=O)C2SC(Nc3ccc(C)cc3C)=C(C(=O)NCC3CCCO3)C2=N)c1,0
O=S(=O)(Nc1ccc(N2CCCCC2)cc1)c1cccc2cccnc12,0
CSc1nccc(Oc2cccc(C#N)c2)n1,0
CC1CCN(C(=O)COc2ncnc3ccccc23)CC1,0
CCOC(=O)C1CC[NH+](C=C2C(=O)N(C)C(=S)N(C)C2=O)CC1,0
CCOc1cc(C[NH2+]CCN2CCOCC2)ccc1OCc1ccccc1Cl,0
COc1ccc(C2CC(c3ccccc3)=NN2C(=O)CN2N=NC3C(=O)N(c4cccc(F)c4)C(=O)C32)cc1,0
[NH2+]=C(NOC(=O)c1ccccc1Cl)c1ccncc1,0
CCC1=C(OC(=O)N(CC)CC)N2C(=O)O/C(=N\CCOC)[C@]2(C)[C@H]2C1=CC[C@H]1C(=O)N(CC)C(=O)[C@H]12,0
O=C(c1ccco1)N1CCN(C(=O)C2CCCc3c2[nH]c2ccc(Cl)cc32)CC1,0
COc1ccc(S(=O)(=O)c2ccc(OCC3CO3)cc2)cc1,0
COC(=O)/C(C#N)=C\c1cc2cc(C)ccc2nc1O,1
COc1cc(S(=O)(=O)n2ccnc2)ccc1Br,0
O=C(/C=C/c1ccccc1Cl)N(Cc1ccc(Cl)cc1)C1CCS(=O)(=O)C1,0
O=C1CSC(c2ccccn2)N1c1cccc(Cl)c1,0
COc1nc(C)ccc1-c1noc(-c2ccccn2)n1,0
Cc1cc(C(=O)COC(=O)C2=COCCO2)c(C)n1-c1ccc2c(c1)OCO2,1
CCOc1ccc(NC(=O)CSc2n[nH]c(N)n2)c([N+](=O)[O-])c1,0
COCCNC(=O)C(=O)NNC(=O)c1ccccc1OC,0
COc1ccc(CCNC(=O)C(Sc2ccccn2)c2ccccc2)cc1OC,0
Oc1nncc(N2CCCC2)c1Cl,0
C=CCOC(=O)C1=C(C)NC(=O)NC1c1ccc(Cl)cc1,0
O=C(NCCc1ccccc1)C1CCCN1C(=O)Nc1ccc(F)cc1,0
COC(=O)CS(=O)(=O)c1ccc(C)cc1,0
Cc1ccc(NC(=O)c2noc3c2CC(C(C)(C)C)CC3)cc1,0
O=C(CSc1nnc(Nc2ccccc2)s1)NCc1ccco1,0
C=C(C)C1CC=C(C)/C(=N/NC(=O)COc2cccc3ccccc23)C1,0
CCOc1ccc2oc(C(=O)NN3C(C)CCCC3C)c(C)c2c1,0
CN1C(=O)NC(c2ccccc2)C2=C1CN(CCc1ccccc1)C2=O,0
CC(=O)c1ccc2c(c1)CC(C)C(=O)N2C,0
O=c1c2ccsc2ncn1Cc1ccc(Cl)cc1,0
CC[NH+](CC)CCO[C@H]1CC[C@@]2(C)C(=CC[C@@H]3[C@H]2CC[C@]2(C)C(=O)CC[C@H]32)C1,0
Cc1c(C(N)=O)c(N)c(C(=O)c2ccccc2)n1-c1ccccc1,0
CC(=O)NC1C(OCCOc2ccc(Cl)cc2Cl)OC(COC(C)=O)C(OC(C)=O)C1OC(C)=O,0
O/N=C1/C2C3CC4C5C3C1C5C1(OCCO1)C42,0
CNC(=O)[C@H]1O[C@@H](n2cnc3c(NCc4cccc(I)c4)nc(Cl)nc32)[C@H](O)[C@@H]1O,0
O=C1C(=C(c2ccccc2)c2ccccc2)Nc2ccccc21,1
c1ccc(-n2cnnc2SCc2nc3ccccc3s2)cc1,0
O=C(CC1[NH2+]CCNC1=O)Nc1cc(Cl)cc(Cl)c1,0
COc1ccc([N+](=O)[O-])cc1N(CC(=O)Nc1ccccc1C(=O)N1CCCC1)S(C)(=O)=O,0
Cc1ccc(C(=O)N2CCCC2)cc1S(=O)(=O)Nc1cccc(C)c1C,0
Cc1cccc(NC(=O)CSc2c3c(nc4ccccc24)CCC3)n1,0
COC(/C=C/Nc1ccc(C)c(C)c1)=C(C#N)C#N,0
Cc1cc(C(=O)C(=O)[O-])c(C)n1-c1ccc(Cl)cc1,0
O=C(CSc1nnc(-c2ccccc2)n1Cc1ccccc1)N1CCOCC1,0
C[NH+]1CCN(C(=O)N2c3ccccc3C=Cc3ccccc32)CC1,0
CCN(CC)C(=O)/C(=C/c1ccc2c(c1)OCO2)NC(=O)c1ccc(Br)cc1,0
O=C(c1ccc(Cl)cc1)c1cc(-c2ccccn2)c(N2CCOCC2)s1,0
O=C([O-])Cc1ccc(NC(=O)C2CC=CCC2C(=O)[O-])cc1,0
CNS(=O)(=O)c1c[nH+]ccc1N1CCN(c2cccc(C(F)(F)F)c2)CC1,0
Cc1ccc(-c2ccc(/C=N/NC3=[NH+]C(=O)C(CC(=O)[O-])S3)o2)c([N+](=O)[O-])c1,0
O=C(CCNC(=O)c1ccccc1Cl)Nc1nnc(C2CC2)s1,0
CN(C(=O)c1ccc2c(c1)CCN2S(C)(=O)=O)c1ccccc1,0
CCCCCC(=O)Nc1ccc(S(=O)(=O)Nc2nccnc2OC)cc1,0
CCCNC(=O)Nc1nnc(C2CC2)s1,0
c1ccc(CCCNc2nnnc3ccccc23)cc1,0
CC(=O)NC(CC(=O)c1ccc([N+](=O)[O-])cc1)C(Cl)(Cl)Cl,0
O=C(CCSCc1ccc(Cl)cc1)NC1CCCC1,0
O=c1oc2ccccc2n1Cc1cccc(Cl)c1,0
CCC(C)N(CC(=O)NCc1ccc(OC)cc1)C(=O)c1csnn1,0
O=C(NCc1ccc(F)cc1)C1Cc2ccccc2CN1C(=O)c1ccco1,0
O=C(OCc1ccc(Cl)cc1Cl)c1cccnc1Cl,0
C/C(=N\NC(=O)CCn1nc(C)cc1C)C(C)(C)C,0
O=C(NC(=S)NCc1ccccc1)C1CC1,0
Cc1ccnc2nc(C(=O)NCc3cccs3)nn12,0
COc1cc(/C=N/NS(=O)(=O)c2ccccc2)ccc1OS(=O)(=O)c1ccc(C)cc1,1
Cn1c(=O)c2c(SCc3cccnc3)nc(CC(C)(C)C)nc2n(C)c1=O,1
Cc1ccc(C)c(NS(=O)(=O)c2ccc(NC(=O)c3ccco3)cc2)c1,0
Cc1cc(Cl)ccc1OCCCC(=O)OC(C)C(N)=O,0
O=C(Nc1ccc(Oc2ccccc2)cc1)C1CCCO1,0
CCOC(=O)CCC(=O)NNC(=O)COc1ccc(C(C)C)cc1Br,0
O=[N+]([O-])c1cc(-n2cccc2)ccc1N1CCOCC1,0
O=C(c1cc(C(F)(F)F)cc(C(F)(F)F)c1)N1CCC[C@@]2(CC[NH+](Cc3nccs3)C2)C1,0
Cc1nc2nc(C)n(-c3ccccc3)c2s1,0
CCCCCCn1c(N2CCN(c3ccccc3)CC2)nc2c1c(=O)[nH]c(=O)n2C,0
CCOCCOCCC(C(=O)[O-])P(=O)(c1ccccc1)c1ccccc1,0
CCCCN(CCCC)C(=O)CSc1nnc2n(C)c(=O)c3c4c(sc3n12)CCCC4,0
O=C(COc1ccc(Cl)cc1Cl)NC(=O)N1CCOCC1,0
Cc1ccc(N(C(=O)CCC(=O)Nc2cc(C)on2)C(C(=O)NC2CCCC2)c2ccncc2)cc1,0
CCN(CC)S(=O)(=O)c1cc(NC(=O)COC(=O)CCC(=O)c2ccc(F)cc2)ccc1C,0
CC[NH+](CC)CCOc1ccc(Br)cc1,0
CC1CN([O-])C2CCc3c(no[n+]3[O-])C12O,0
NC(=[NH2+])NC(=[NH2+])Nc1ccccc1,0
Cc1cc(NC(=O)Cn2nnc(-c3ccccc3N)n2)no1,0
Cc1ccc(C)c(OCCOCC[NH+]2CC(C)OC(C)C2)c1C,1
O=C(c1nc2ncccn2n1)N1CCN(c2ccc(F)cc2)CC1,0
O=c1cc(C[NH+]2CCN(CCO)CC2)c2cc3c(cc2o1)CCC3,0
Cc1cc(OCCn2cnc3ccccc3c2=O)cc(C(C)C)c1,0
COc1ccc(-c2nnc(SCc3cc(C)cc(C)c3)o2)cc1,0
Cc1nn(CCCC(=O)Nc2cccnc2Cl)c(C)c1[N+](=O)[O-],0
CCOc1ccc(-n2c(=O)c3sccc3n(CC(=O)NCc3ccco3)c2=O)cc1,0
CCOC(=O)c1ccc(NC(=S)N2CC[NH+](Cc3ccccc3)CC2)cc1,0
COc1ccc(CCNC(=O)CSc2nc(N)cc(O)n2)cc1OC,0
O=C(Nc1nnc(C(F)(F)F)s1)C1COc2ccccc2O1,0
O=C(Nc1cccnc1)c1cc2cc(Br)ccc2oc1=O,0
CCOc1ccc(N/C(=N/C#N)SCC(=O)NC2CC2)cc1,0
CCc1ccc(OC)c(-c2csc(N)n2)c1,0
O=C(CC1NC(=O)NC1=O)Nc1ccc(Cl)cc1,0
Cn1cnnc1SCC(=O)Nc1ccccc1C(=O)NC1CCCC1,0
COc1ccc(NC(=O)COC(=O)CCNS(=O)(=O)c2ccccc2)cc1OC,0
CCOc1cc(Br)c(C(=O)[O-])cc1OCC,0
NNC(=O)c1oc2ccccc2c1-n1cccc1,1
CC1CCN(c2nc3c(c(=O)[nH]c(=O)n3C)n2CC(C)CSc2nnnn2-c2ccccc2)CC1,1
CC(C[NH+]1C(C)CCCC1C)OC(=O)c1ccc(Cl)cc1,0
COc1ccccc1/C=C/C(=O)NCCC1=CCCCC1,0
Cc1c(NC(=O)/C=C/c2cccs2)c(=O)n(-c2ccccc2)n1C,0
Cn1c(SCC(=O)c2c(N)n(C)c(=O)n(C)c2=O)nnc1-c1ccc(F)cc1,0
Cc1cc(Nc2[nH]nc(N)c2C#N)ccc1F,0
COC(=O)NCc1ccc(CNC(=O)OC)cc1,0
C=CCN1C[C@@H](C)[NH+]([C@H](c2ccc(C(=O)N(CC)CC)cc2)c2cccc(OC)c2)C[C@@H]1C,0
CCc1nnc(NC(=O)c2ccc(S(=O)(=O)N(CCOC)CCOC)cc2)s1,0
Cc1ccc(NC(=O)/C(C#N)=C/c2ccccc2C(F)(F)F)cc1,0
CC[NH+]1CCN(C(=O)c2ccc3c(=O)n(C4CCCC4)c(=S)[nH]c3c2)CC1,0
COc1ccc2c(c1)CCc1c(C(=O)N3CC4(C)CC3CC(C)(C)C4)noc1-2,0
Cc1cc(C)n(-c2ccc(C(=O)Nc3ccc4c(c3)OCO4)cc2)n1,0
CC(=O)Nc1ccc(NC(=O)CCn2cnnn2)cc1,0
CN(C(=O)c1ccncc1)C1CCS(=O)(=O)C1,0
CC[NH+](CC)CCN1Cc2ccccc2C1=[NH2+],0
COCCCNC(=S)NNC(=S)Nc1ccccc1,1
COC1C(O)C(O)C(O)C(O)C1O,0
NC(=O)c1ccc(-n2nnnc2SCC(=O)Nc2ccccc2-c2ccccc2)cc1,0
CCCNC(=O)c1ccc(Cn2cc(C(F)(F)F)ccc2=O)cc1,0
O=C(COc1ccccc1Cl)Nc1cccnc1,0
O=c1nc2n(c([O-])c1C(c1ccccc1)c1c([O-])nc3n(c1=O)CCS3)CCS2,0
Cc1c(/C=C/C(=O)c2ccccc2O)cnn1C,0
COC(=O)c1sccc1NC(=O)NC1CCCCC1,0
O=C(COc1ccccc1)NCC1([NH+]2CCCCC2)CCCCC1,0
CC1CN(c2nc3ccccn3c(=O)c2/C=C(\C#N)S(=O)(=O)c2ccccc2)CC(C)O1,1
c1cnc(N2CC[NH+](Cc3ccc4c(c3)OCO4)CC2)nc1,0
CC(CCc1ccccc1)NC(=O)CSc1ccccn1,0
CCC[NH2+]C(C)(C)COC(=O)c1ccccc1,0
CCOC(=O)c1sc(-c2ccccn2)nc1C,0
O=[N+]([O-])c1cc(-c2cnc3ccccc3n2)ccc1Cl,0
CCOC(=O)N1CCN(C(=O)Nc2ccc3oc(C)nc3c2)CC1,0
CCOC(=O)c1c(C)[nH]c(C(=O)CSc2ccccc2)c1C,0
O=C(CC1Oc2ccccc2NC1=O)NCCc1ccccc1,0
CCOC(=O)c1c(C)n(Cc2ccccc2)c2ccc(OCC(O)Cn3nc(C)nc3C)cc12,0
CC[NH+](CC)CCNC(=O)C(=O)NCC1OCCN1S(=O)(=O)c1ccc2c(c1)OCCO2,0
O=C(Nc1cc(N2CCOCC2)ncn1)c1ccc(F)cc1,0
COc1ccc(NC(=O)CC[NH+]2CCN(S(=O)(=O)c3cc(Cl)ccc3OC)CC2)cc1,0
COc1ccc(OC)c(S(=O)(=O)[N-]c2ccc(C(C)=O)cc2)c1,0
COC(=O)c1ccccc1NC(=O)Nc1ccc(C(=O)N2CCCC2)cc1,0
Cc1ccnc(NC(=O)COc2ccccc2[N+](=O)[O-])c1,0
O=C([O-])c1cc(-c2ccccc2)nc2ccccc12,0
Cc1nc2ccccc2n1CC(=O)NC1CCCC1,0
CC(C)[C@H](NC(=O)c1cccc(S(=O)(=O)N2CCOCC2)c1)C(=O)Nc1nc2ccccc2s1,0
CC(C)(C)C(=O)NC(=O)Nc1ccccc1C(F)(F)F,0
[S-]c1ncnc2scc(-c3ccccc3)c12,0
Cc1sc2ncnc(NCC(c3ccco3)[NH+]3CCCC3)c2c1C,0
Cc1nnc(SCc2c(Cl)cccc2[N+](=O)[O-])s1,0
COc1ccc2c(c1O)-c1ccccc1CC[NH+](C)C2,0
CCOC(=O)c1c(SC)nc(SC)c2c1CCC2,0
CCCCOc1cccc(C(=O)[O-])c1,0
COc1ccc(OCc2nc3c4cc(OC)c(OC)cc4nc([S-])n3n2)cc1,0
O=C(CCc1nc2ccccc2nc1O)OCC(=O)N1CCc2ccccc21,0
CCN1C(=O)[C@H]2[C@H]3[C@H](O)[C@H](O)C/C(=N/O[C@@H](C)c4cn([C@H](CO)Cc5ccccc5)nn4)[C@@H]3CC[C@@H]2C1=O,0
CCCCCn1c(=O)c2ccccc2n2c(CCl)nnc12,1
COc1ccc(S(=O)(=O)CCc2nnc(NC(=O)c3cccs3)s2)cc1,0
NC(=O)CC[C@H](NC(=O)c1ccc(F)cc1)C(=O)OCC(=O)Nc1c(F)c(F)c(F)c(F)c1F,0
O=C(/C=C/c1ccccc1)Nc1ccc(Cl)cn1,0
Cc1ccc(OCC(=O)NCCO)c(Br)c1,0
O=C(CCN1c2ccccc2Sc2ccccc21)Nc1ccccc1,0
CCOC(=O)c1c(NC(=O)COC(=O)Cn2c(C(F)(F)F)nc3ccccc32)sc(C)c1C,0
Cc1cc(C)c(NC(=O)C2CCC[NH+]2CCO)c(C)c1,0
CCN(C(=O)C[NH+]1CCN(S(=O)(=O)c2cc(Cl)ccc2Cl)CC1)c1c(N)n(Cc2ccccc2)c(=O)[nH]c1=O,0
O=C([O-])/C=C/c1ccc(S(=O)(=O)[N-]c2ccc(C(=O)NCC(=O)[O-])cc2)cc1,0
COc1ccc(-c2csc(NC(=O)c3ccc(N4C(=O)CCC4=O)cc3)n2)cc1OC,0
Cc1nc2ccccc2cc1C(=O)N/N=C/c1ccc([N+](=O)[O-])cc1,0
CC(C)(C)c1nc2ccccc2[nH]1,0
C[NH+](C)CCCC(=O)c1ccc2c(c1)OCO2,0
CCOc1cc(/C=C2\NC(=S)N(c3c(C)n(C)n(-c4ccccc4)c3=O)C2=O)ccc1O,0
COc1cccc(OC)c1C(=O)Nc1nc(N)n(-c2ccccc2)n1,0
O=C([O-])c1cc(-c2ccc3cc4c(cc3c2)OCO4)nc2ccccc12,0
CSc1nsc(SCC(=O)Nc2ccc(OC(C)=O)cc2)n1,0
Cc1ccc(S(=O)(=O)NC(=O)N2CC[NH+](Cc3c(F)cccc3Cl)CC2)cc1,0
CCN(CC)CC[NH2+]/C=C1\C(=O)NC(=O)N(CCc2ccccc2)C1=O,0
O=C(Cn1nc(C(F)(F)F)c2c1CCCC2)NCc1ccco1,0
O=C(c1cccs1)N1CCC(Cc2ccccc2)CC1,0
CSCCC(NC(=O)C12CC3CC(CC(C3)C1)C2)C(=O)OCC(=O)c1ccc(C)cc1,0
CCCNC(=O)c1c(Cl)cnn1-c1ccc(C)cc1,0
COC(=O)c1cc(C(=O)Nc2ccc(C)cn2)cc([N+](=O)[O-])c1,0
CC(=O)C(=NNc1cccc(Cl)c1)Sc1cccc2cccnc12,0
NC(=O)C1CCN(C(=O)CNC(=O)c2ccc(Cl)cc2Cl)CC1,0
COc1ccc(C(=O)c2ccc(OC)cc2O)c(O)c1,0
COc1cc(C2Oc3cc(C4Oc5cc(O)cc([O-])c5C(=O)C4O)ccc3OC2CO)ccc1O,0
CCOC(=O)c1c(-c2ccc(C)cc2)csc1[NH+]=CN(C)C,0
COc1cc(C(=O)Nc2ccc([N+](=O)[O-])cn2)cc(OC)c1OC,0
Cc1c(C(=O)[O-])nn(-c2ccccc2)c(=O)c1C#N,0
CCC(C)(C)NC(=O)C(c1cccn1C)N(Cc1ccccc1)C(=O)Cn1nnc2ccccc21,0
Cc1ccccc1N1CCN(C(=O)CCN2C(=O)c3ccccc3C2=O)CC1,0
CCS(=O)(=O)N1CCC(C(=O)Nc2cccc(C(C)=O)c2)CC1,0
CN(C)S(=O)(=O)c1ccc2c(c1)nc1n2CCC1,0
CC1CN(S(=O)(=O)c2ccc(NC(=O)c3ccco3)cc2)CC(C)O1,0
Cc1occc1-c1nnc(SCC(=O)c2ccc(Cl)cc2)n1CC1CCCO1,0
CCOC(=O)C1=C(C)N(C)C(=O)NC1c1cccc(O)c1,0
C=CCNC(=O)c1ccc(-c2nc(-c3ccccc3)cs2)cc1,0
CCO[C@H]1OC(C(=O)NCc2ccccc2)=C[C@@H](c2cn(C(C)=O)c3ccccc23)[C@@H]1CCCO,0
COc1ccc(N2CCN(C(=O)CCS(=O)(=O)c3ccc(OC)cc3)CC2)cc1,0
Cc1nnc(O)nc1NCc1ccco1,0
O=C([O-])COc1ccccc1/C=N/Nc1ccc(S(=O)(=O)Nc2ccc(Cl)cc2)cc1[N+](=O)[O-],0
CCOC(=O)C(NC(=O)CC)(Nc1ccccc1OC)C(F)(F)F,0
O=C([O-])c1cn(-c2ccccc2)nc1-c1cccnc1,0
COC(=O)c1sc(NC(=O)c2c(F)cccc2F)c(C#N)c1C,0
CCCC(=O)c1c(C)c2ccccc2n1C,0
COc1cccc(OCC(O)C[NH+]2CC(C)CC(C)C2)c1,0
C[NH2+]C(C(=O)c1ccccc1)C(OC)c1cccc([N+](=O)[O-])c1,0
O=C(COc1c(F)c(F)cc(F)c1F)NC(=O)NC1CCCC1,0
C[NH+]1CCN(C(=S)c2ccc(Cl)cc2)CC1,0
COc1ccccc1Nc1nc2c(s1)CCC2,1
CC(C)CN(C(=O)COC(=O)c1nc(Cl)ccc1Cl)C1CCS(=O)(=O)C1,0
COc1cccc(C(c2sc3nc(C)nn3c2O)[NH+]2CCC3(CC2)OCCO3)c1,0
CCOC(=O)C1(Cc2ccc(OC)cc2)CCN(C(=O)Cc2cccnc2)CC1,0
O=C(Nc1nc2ccccc2n1CC[NH+]1CCCC1)C1CCCCC1,0
Cc1cc(C(=O)OCC(=O)NC2CCCCC2)c(C)o1,0
Cn1ncc([N+](=O)[O-])c1C(=O)N/N=C/c1c[nH]c2ccccc12,0
N#Cc1nc(COc2ccccc2Cl)oc1NCc1ccc(F)cc1,0
CCOC(=O)c1ccc(NC(=O)CCNC(=O)c2ccc([N+](=O)[O-])cc2)cc1,0
N#Cc1cc(C(=O)c2cc(Br)ccc2O)cn(Cc2ccccc2)c1=O,0
CCOC(=O)C(CCC#N)(CCC#N)C(=O)OCC,0
O=C1CCSc2cccc3cccc(c23)N1,0
CCCCCn1c(CNC(=O)CCC)nc2ccccc21,0
C/C(=N/O)c1cc(C(C)(C)C)c(O)c(C(C)(C)C)c1,0
Cc1nn(-c2ccc(Cl)c(Cl)c2)c(C)c1C(=O)[O-],0
CCCc1c(O)nc(SCC[NH+](CCC)CCC)nc1O,0
c1ccc2c(c1)oc1c(Nc3ccc4c(c3)OCO4)ncnc12,0
Cn1nnnc1SCC(=O)N1CCN(c2ccc(Cl)cc2)CC1,0
Cn1c(=O)cc(OCC(=O)N2CCC([NH+]3CCCCC3)CC2)c2ccccc21,0
O=C1OCCN1CC[NH+](CN1C(=O)CCC1=O)CN1C(=O)CCC1=O,0
Cc1ccccc1NS(=O)(=O)c1ccc(NC(=O)c2nc3ncccn3n2)cc1,0
O=C([O-])COC(=O)C1C(c2ccccc2)C(C(=O)[O-])C1c1ccccc1,0
CC1=C/C(=N\NC(=S)NCc2ccccc2)CC1,0
O=C(c1ccc([N+](=O)[O-])cc1)N1CCSC1c1ccccc1Cl,0
O=C(C1CCN(S(=O)(=O)N2CCOCC2)CC1)N1CC[NH+](Cc2ccc3c(c2)OCO3)CC1,0
Cc1ccccc1N(Cc1nnc2n1CCCCC2)C(=O)Nc1ccccc1,0
CCCC(=O)Nc1c(C)n[nH]c1C,0
COc1ccc(Nc2nccc3c2nnn3C)cc1,0
CCNC(=S)NCC[NH+]1CCOCC1,0
CCOC(=O)N1CCN(C(=O)CN(Cc2ccccc2)S(C)(=O)=O)CC1,0
CCC(=O)Nc1cccc(-c2nc3ccccc3c(=O)o2)c1,0
CC(=O)N1C(c2ccccc2)CC(=O)OC1c1ccc2c(c1)OCO2,0
CCOC(=O)COc1nc(Nc2ccccc2C)nc(N(C)C)n1,0
O=C(NCCCN1CCCC1=O)C1CCCO1,0
[NH2+]=C(NOC(=O)Cc1ccc(-c2ccccc2)cc1)c1ccncc1,0
Cc1ccc(-c2csc(NC(=O)CN3C(=O)CCC3=O)n2)cc1,0
CCOC(=O)N1CCC(N2Cc3cccc(C(=O)Nc4ccc(CC)cc4)c3C2=O)CC1,0
COc1cc(/C=C/C(=O)OCC(=O)NCc2cccs2)ccc1OC(F)F,0
Cc1nnc(C)c2c(C)n(Cc3ccccc3)c(C)c12,0
C/C(Cl)=C\Cn1c(N2CCCC2)nc2c1c(=O)[nH]c(=O)n2C,0
Cc1ccc2c(c1)-c1c(ssc1=S)C(C)(C)N2C(=O)CN1C(=O)c2ccccc2C1=O,0
CCCCNC(=O)c1cc(-c2ccc(OC)c(OC)c2)on1,0
COc1ccc(C2(NC(C)=O)CCN(C(=O)c3ccco3)CC2)cc1,0
Cc1cccc(NC(=O)C(=O)NCCC[NH+]2CCOCC2)c1,0
COc1ccc(NC(=O)CNC(=O)Cn2c(C)cc3ccccc3c2=O)cc1OC,0
Cc1cc(C(C)(C)C)c(O)c(C)c1CC1=[NH+]CCN1,0
Cc1ccc2[nH]c(C(=O)[O-])c(NC(=O)C[NH+]3CCN(c4cccc(C)c4C)CC3)c2c1,0
C=CP(=O)([O-])c1ccccc1,0
CCC[NH2+]C1=C(C(=O)CCC)C(=O)CC(C)(C)C1,0
CCn1c(-c2cccnc2Cl)nc2cc(Cl)c(Cl)cc21,0
COC(=O)C1=C(C)N(c2cccc(C)c2)C(=O)/C1=C\c1cccs1,0
O=C(CCc1nc2ccccc2s1)OCC(=O)N1CCN(C(=O)c2ccco2)CC1,0
O=C(CCc1nnc(Cc2ccc3c(c2)OCO3)o1)NCc1nc2ccccc2s1,0
Cc1ccc([N+](=O)[O-])cc1NC1OC(CO)C(O)C1O,0
CCn1c(SCc2nc(O)c3cc(OC)c(OC)cc3n2)nnc1-c1ccncc1,0
O=C(COC(=O)c1cccs1)Nc1ccc(S(=O)(=O)N2CCOCC2)cc1,0
CC(C)NC(=S)NCc1cccnc1,0
C/C(=N\N1C(=O)c2ccccc2NC1c1ccco1)c1ccccc1O,0
Nc1nc(C2CC2)c(Sc2sc(N)nc2C2CC2)s1,0
Cc1ccc(-n2c(=O)c3sccc3n(CC(=O)NCc3ccco3)c2=O)cc1,0
COc1ccc(C2C(C(=O)c3ccco3)=C(O)C(=O)N2c2nnc(C)s2)cc1,0
Nc1nc(N)nc(-c2ccccc2-c2nc(N)nc(N)n2)n1,0
CCN(CC)c1ccc([N+](=O)[O-])cc1C(=O)[O-],0
CC(Sc1n[nH]c(N)n1)C(=O)Nc1ccc(Cl)cn1,0
O=C1c2ccccc2N(Cc2ccc(Cl)cc2)C2=[NH+]CCN12,0
O=C(Cn1nnc(-c2cccc(C(F)(F)F)c2)n1)NC(=O)NCc1ccco1,0
O=C(CSc1nnc2scc(-c3ccccc3)n12)c1ccc2c(c1)OCCO2,0
C=CCn1c(NCCO)nc2c1c(=O)n(C)c(=O)n2C,0
CCC(C)(C)NC(=O)C(c1ccc(OC)cc1)N(Cc1ccco1)C(=O)CCC(=O)Nc1cc(C)on1,0
COc1ccccc1CNc1ncncc1-c1cccc(NS(C)(=O)=O)c1,0
O=C(COC(=O)/C=C/c1ccc(Cl)cc1)Nc1ccccc1-c1ccccc1,0
COc1ccc(OC)c(Nc2nc(-c3sc(C)nc3C)cs2)c1,0
Fc1ccc(CN2CCC[NH+](Cc3nc(-c4ccc5c(c4)OCO5)no3)CC2)cc1,0
CC(=O)c1ccc(NC(=S)N[NH+]2C(C)CCCC2C)cc1,0
COc1cccc(Oc2[nH+]ccc(N(C)C)c2C#N)c1,0
O=c1cc2n(c(=O)[nH]1)CCC1=C2CCCC1,0
OC12CCCCC1C(c1ccccc1)[NH2+]CC2,0
CCOC(=O)Nc1ccc2c(c1)N(C(=O)C[NH+]1CCN3CCCC3C1)c1ccccc1CC2,0
COc1ccc(-c2noc(C[NH+]3CCC(Cc4ccccc4)CC3)n2)cc1,0
CS[C@]1(SC2=[NH+]CCN2)S[C@@]2(NCC[NH2+]2)S1,1
CCOc1cccc(C(=O)Nc2nccs2)c1,0
Clc1ccc(-c2csc(N/N=C/c3cccnc3)n2)c(Cl)c1,0
COC(C)(C)CCCC(C)C/C=C/C(C)=C/C(=O)[O-],0
O=C(NCC1CCCO1)c1ccc(Cn2c(=S)[nH]c3ccccc3c2=O)cc1,0
CC(C)c1[nH+]ccn1S(=O)(=O)c1cc(Cl)ccc1Cl,0
Cc1c(NC(=O)CN2CCCc3ccccc32)c(=O)n(-c2ccccc2)n1C,0
O=C(CCNS(=O)(=O)c1cccs1)N1CCc2ccccc2C1,0
CCO[C@H]1OC(C(N)=O)=C[C@@H](c2csc3ccccc23)[C@@H]1CCCO,0
CC(C)C(=O)Nc1ccc(C(=O)NNC(=O)c2cccs2)cc1,0
C/C(CC(=O)Nc1c(C)cc(C)cc1C)=N\NC(=O)c1cnccn1,0
O=C(COC(=O)c1ccccn1)NC12CC3CC(CC(C3)C1)C2,0
COC(=O)[C@H](Cc1ccccc1)NC(=O)NCc1ccc(S(N)(=O)=O)cc1,0
CCOc1cccc(C[NH2+]CCO)c1OCc1ccc(Cl)cc1Cl,0
CCn1nc(C(=O)NCCc2ccc(S(N)(=O)=O)cc2)c2ccccc2c1=O,0
Cc1cccc(Oc2ccc(C(=O)NC3CCSC3=O)cn2)c1C,0
O=C(CCCn1c(=O)[nH]c2cc(Cl)ccc2c1=O)NCCCN1CCCC1=O,0
CC(c1ccccc1)C1CC(=O)N(c2ccc(C(=O)[O-])cc2)C1=O,0
Cc1cc(N2CCN(c3nc(-c4ccc([N+](=O)[O-])cc4)cs3)CC2)c2ccccc2[nH+]1,0
CCn1c(SCC(=O)N2CCCc3ccccc32)nnc1-c1ccoc1C,0
CCOc1ccc(S(=O)(=O)n2c(C)nc3ccccc32)cc1,0
Cn1nnnc1SCC[NH2+]Cc1ccc(Cl)cc1,0
CCOc1ccc(OCCOCC[NH+]2CCc3ccccc3C2)cc1,0
C[NH+]1CCN(C(=S)Nc2ccc(Cl)cc2)CC1,0
C/C(=N\NC(=O)CNc1cccc(C(F)(F)F)c1)c1cccs1,0
COc1ccc(OC)c(NC(=O)C2CCN(c3ncccn3)CC2)c1,0
CC(=O)n1nc(-c2ccc(Cl)cc2)nc1NCc1ccco1,0
CNc1nc(-c2ccccc2Cl)nc2ccccc12,0
CCOC(=O)C1=C([NH3+])n2c(s/c(=C/c3ccccc3)c2=O)=C(C(=O)OCC)C1c1ccccc1,0
Cc1nn(-c2ccccc2)c2c1C(=O)N(Cc1ccccc1)C(=O)C(C)(C)C2,0
Cc1ccccc1-c1nnn(CC(=[NH2+])NO)n1,0
Cc1c(NC(=O)/C(=C/c2cccs2)NC(=O)c2ccccc2)c(=O)n(-c2ccccc2)n1C,0
COc1ccc2nc3oc(C(=O)N4CCN(c5ccccc5F)CC4)cc3cc2c1,0
Cc1cc(C)c2c(N)c(-c3nc4ccccc4[nH]3)sc2n1,0
O=C(Nc1cccc2ccccc12)N1CCN(c2ccc(F)cc2)CC1,0
CC(=O)N1C(=O)C2(C(C#N)=C([NH3+])Oc3[nH]nc(-c4ccccn4)c32)c2ccccc21,0
COC(=O)c1sc(-c2ccccc2)cc1NC(=O)C1CC1,0
CS(=O)(=O)N1CCN(c2ccc(NC(=O)c3ccc([N+](=O)[O-])o3)cc2)CC1,0
CCOc1ccc(N2C(=O)CC(N(Cc3ccco3)C(=O)CCC(=O)[O-])C2=O)cc1,0
Cc1ccc(NC2=[NH+]C(=O)/C(=C/c3cccn3C)S2)c(C)c1,0
Cc1cccnc1NC(=O)COc1ccc2oc3c(c2c1)CCCC3,0
CCN1C(=O)C2C(c3ccc(O)c(OC)c3)[NH2+]C(C)(C(=O)OC)C2C1=O,0
Cn1nc(N)c2c1=NP(N1CCOCC1)(N1CCOCC1)=NC=2c1ccccc1,0
O=C(Nc1ccc(S(=O)(=O)[N-]c2ncccn2)cc1)c1cncc(Br)c1,0
CC(C)Cn1c(C[NH+]2CCN(C(=O)c3ccco3)CC2)nc2c1c(=O)n(C)c(=O)n2C,0
CCOC(=O)N1CCN(C(=S)NC(=O)c2ccnn2C)CC1,0
Cc1ccc(Cn2c(N3CCCCCC3)nc3c2c(=O)[nH]c(=O)n3C)cc1,1
COc1ccc(CN2CC(C(=O)NCCC[NH+]3CCCCCC3)CC2=O)cc1,0
COc1ccc(-c2nc(NC(=O)C3CCN(c4nc5ccccc5o4)CC3)sc2C)cc1,0
Cc1ccc(COC(=O)c2nn(C)c(=O)c3ccccc23)cc1,0
CCOP(=O)(OCC)C(Nc1cccc([N+](=O)[O-])c1)c1ccccc1,0
O=C(CSc1n[nH]c(-c2cccs2)n1)NCc1cccs1,0
O=C(NCCO)/C(=C\c1ccc(Br)cc1)NC(=O)c1cccs1,0
Cc1ccc(NC(=O)CCn2c(=O)oc3ccccc32)cc1,0
COC(=O)c1ccc(C(NC(=O)c2cccnc2)NC(=O)c2cccnc2)cc1,0
Cc1cc(=O)n2nc(N3CCCC3C(=O)NCCC[NH+]3CC(C)CC(C)C3)sc2n1,0
O=C1C([O-])=C(Cc2ccccc2)C(=O)c2ccccc21,0
COC(=O)c1cc2ccsc2n1Cc1ccccc1F,0
O=C1NCN(c2ccccc2)C12CC[NH+](CC1COc3ccccc3O1)CC2,0
Cc1ccc(CNC(=O)C(OC(=O)c2ccco2)C(C)C)cc1,0
NC(=O)C[NH+]1CCN(c2ccccc2F)CC1,0
C=C(C)C1Cc2c(C)nn(-c3ccccn3)c2C1,0
COc1ccc(Cl)cc1NC(=O)CN(C(=O)c1ccco1)C1CCCCC1,1
Cc1c(C(=O)NCc2ccco2)sc2[nH+]c(-c3ccccc3)cn12,0
CN(C)S(=O)(=O)N1CC[NH+](CC(O)COc2ccc3cc(Br)ccc3c2)CC1,0
CCOc1cc(C2C3=C(O)CCCC3=Nc3ccc4ncccc4c32)ccc1O,0
CCOC(=O)Cn1cnc(-c2ccc([N+](=O)[O-])cc2)c1,0
CC[NH+](CC)CCC(=O)NC(C)(C)Cc1ccc(O)cc1,0
O=C([O-])/C(=C\c1ccncc1)c1cccc2ccccc12,0
COc1cccc2cc(C(=O)C3=C(O)C(=O)N(CC[NH+](C)C)C3c3ccc(F)cc3)oc12,0
O=C(OCc1nc2ccc(Cl)cc2n1CCO)c1ccccc1,0
CCSc1ccccc1C(=O)Nc1cccnc1,0
CC[NH+](CC)CCNC(=O)C1c2cc(OC)c(OC)cc2C(=O)N(C)C1c1cccs1,0
O=C(Nc1ccccn1)c1ccc(S(=O)(=O)c2ccc(Cl)cc2)cc1,0
COc1ccc(S(=O)(=O)NCC2CCCN(C(=O)c3sccc3C)C2)cc1,1
CC(C)CNC(=S)NNC(=O)c1csc2c1CCC(C)C2,0
Cn1nc(C(C)(C)C)cc1C(=O)NCc1ccc(N2CCCC2=O)cc1,0
Cc1ccc(CNC(=O)CCC(=O)c2cccs2)cc1,0
COc1ccccc1/C=C/C[NH+]1CC(C)OC(C)C1,0
COc1cccc(NC(=O)Nc2ccc3nsnc3c2)c1,0
COC(=O)c1sccc1NC(=O)CCC1CCCC1,0
CCOC(=O)c1nnc(-c2ccccc2)nc1NC,0
CNC(=O)N(C1=[NH+]CCCCC1)c1ccc(Br)cc1,0
COc1ccc(C(=O)NCc2ccc(N3CCN(C(=O)OC(C)(C)C)CC3)cc2)cc1,0
CCCC(C)NC(=O)CSc1nc2cc(C)ccc2[nH]1,0
COC(=O)c1ccc(C2NC(=O)NC(C)=C2C(=O)N(C)C)cc1,0
COc1cccc(NC(=O)C(C#N)Cc2ccncc2)c1,0
COc1cccc(-n2c(=O)[nH]cc(C(=O)Nc3ccc(NC(C)=O)cc3)c2=O)c1,0
CCOC(=O)CSc1nnc(Cc2ccccc2)n1Cc1ccco1,0
CCOC(=O)c1ccc(OCC(=O)c2ccc(O)cc2O)cc1,0
C[NH+](C)/C=C(/C(=O)c1ccc(Cl)cc1)S(C)(=O)=O,0
COCCNC(=O)C(c1ccncc1)N(C(=O)Cn1nnc2ccccc21)c1ccc(OC)cc1,0
CCNc1nc(Oc2ccc(F)cc2)cc(C(F)(F)F)n1,0
Cc1cc(C(=O)OCC(=O)N2CC(C)CC(C)C2)c(C)o1,1
CCOc1cc(C)c(S(=O)(=O)NC2CC(C)(C)[NH2+]C(C)(C)C2)cc1C,0
O=C([O-])[C@@H]1CCC[NH+]1Cc1c[nH]c2ccccc12,0
COC(=O)C1=C(C)n2cnnc2NC1c1ccc(Cl)cc1,0
COc1cc(OC)cc(C(=O)NC(=S)NCCc2ccccc2)c1,1
CCN(CCO)C(=O)C12CCC(C)(C(=O)C1)C2(C)C,0
Nc1ccccc1Nc1ccc([N+](=O)[O-])cc1[N+](=O)[O-],0
Cc1ccc(-n2c([O-])cc(=O)nc2SCC(N)=O)cc1,0
CC(C)(C)NC(=O)C(c1ccco1)N(Cc1ccc2c(c1)OCO2)C(=O)Cn1nnc2ccccc21,0
CC(C)C[C@@H]1NC(=O)[C@H](CO)NC(=O)c2cc([N+](=O)[O-])cc(I)c2OCC[C@@H](C(N)=O)NC1=O,0
O=C(CN1C(=O)NC(c2ccccc2)(c2ccccc2)C1=O)Nc1cccnc1Cl,0
COc1ccc(N(CC(=O)N2CCc3ccccc3C2)S(C)(=O)=O)cc1OC,0
Cc1cc(C(=S)N2CCOCC2)c(C)n1C1CCCC1,1
C/C(=N\NC(=O)C(=O)Nc1ccc(C)cc1)c1ccncc1,0
CCN(CC(F)(F)C(F)F)S(=O)(=O)c1ccc(NC(=O)OC)cc1,0
CC(C)c1ccc(/C=N/n2nnnc2Nc2ccccc2)cc1,0
Cc1cccc(NC(=S)N2CCC([NH+](C)CC3CCCO3)CC2)c1,0
Cc1ccc(C(=O)NNC(=O)c2ccccc2-n2cccc2)cc1,0
CCNC(=O)NC(=O)C(C)OC(=O)c1ccc(SC)cc1OC,0
N#CC(C(=O)c1ccco1)c1ccccn1,0
COc1ccc(OC/C(O)=C(\C#N)c2nc3ccccc3[nH]2)cc1,0
COc1cc(C(=O)N2CCC(NC(=O)C(Cc3ccc(C)cc3)NC(C)=O)CC2)cc(OC)c1OC,0
CCOC(=O)NC(NC(=S)Nc1ccccc1OC)C(Cl)(Cl)Cl,0
COc1ccc(/N=C/c2ccccc2)cc1,0
O=C(c1ccco1)N1CCN(C(=O)c2cccs2)CC1,0
OC(CNc1ccccc1)Cn1ccc2ccccc21,0
COc1ccc(NN=C2C(=O)NC(=S)NC2=O)cc1,0
COc1ccc2c(c1)OC/C(=C\c1ccc(OC)c(O)c1)C2=O,1
Clc1nc(Cl)nc(NCCC2=CCCCC2)n1,0
CCOC(=O)N1CC[NH+](CC(O)COCC2=CCC3CC2C3(C)C)CC1,0
CC(C)[C@]([NH3+])(C(=O)[O-])c1ccccc1,0
CCCn1c(NC(=O)c2cccc(C)c2C)nc2ccccc21,0
COCCCn1c(N)c(C(=O)Nc2sc3c(c2C(=O)OC)CCCC3)c2nc3ccccc3nc21,0
Cn1c(=O)[nH]c(=O)c2c1nc(SCC[NH+]1CCOCC1)n2CCCc1ccccc1,0
CCOc1ccc(C)cc1S(=O)(=O)Nc1cc(OC)c(Cl)cc1OC,0
O=C(CC1COc2ccccc2O1)NC1CCCCC1,0
O=C(CCN1C(=O)c2ccncc2C1=O)Nc1cc(F)ccc1F,0
Cc1cc(C)c(S(=O)(=O)N2CC[NH+](CCO)CC2)c(C)c1,0
CC(=O)N1CCc2cc(S(=O)(=O)NC(C(=O)Nc3nc(C)cs3)C(C)C)ccc21,0
O=C(c1cc2nc(C3CC3)cc(C(F)(F)F)n2n1)N1CCCC1,0
CCc1ccc(CN(C)C(=O)CCc2nnc(CCc3cccc(OC)c3)o2)nc1,0
CC(C)CC(=O)Nc1cccc(-c2cn3ccsc3[nH+]2)c1,0
COc1ccc(N(Cc2nnc3n2CCCCC3)C(=O)Nc2ccccc2)cc1,0
CCOC(=O)c1ccc(N2C(=O)CC(SCC(=O)Nc3ccc(S(N)(=O)=O)cc3)C2=O)cc1,1
CCOCCSc1nnc2nc(C)cc(C)n12,0
COc1cc(NCCC(=O)c2cccs2)c(OC)cc1Cl,1
CCN(c1ccccc1)S(=O)(=O)c1ccc(Cl)c(NC(=O)Nc2ccc(Cl)cc2C#N)c1,0
COc1ccccc1-n1nc(C(=O)[O-])c2ccccc2c1=O,0
CSc1nnc2ccc(-c3ccccn3)nn12,0
CCCc1nc(SCC(=O)c2ccc(OC)cc2)c2ccccc2n1,1
Cc1cc(C)cc(NC(=O)OCCN2CC[NH+](Cc3ccccc3)CCC2=O)c1,0
COc1ccc(N2CC(C)Cn3c2nc2c3c(=O)n(CC[NH+]3CCOCC3)c(=O)n2C)cc1,0
CCSc1nc(O)c2c(n1)N=C(C)/C(=C(/O)OC)C2c1ccncc1,0
CC[NH+]1CCN(C(=O)C2CCN(S(=O)(=O)c3cccc4cccnc34)CC2)CC1,0
O=C(NCCCO)C(=O)c1c(-c2ccccc2)cc2ccccn12,0
CC(=O)c1ccc(N2CCN(C(=O)/C=C/c3cccs3)CC2)cc1,0
COc1ccc(C2(CNC(=O)CCC(=O)[O-])CCCC2)cc1,0
O=C(Cn1nc([N+](=O)[O-])nc1Br)NC(c1ccccc1)c1ccccc1,0
S=c1nc(-c2ccccc2)n(CCCn2ccnc2)c2c1CCCC2,0
O=C([O-])CCCN1C(=O)C2C3CC(C2C1=O)C1C(c2ccccc2)c2sc(O)nc2SC31,0
O=C(N/N=C/c1ccncc1)c1nc(O)c2ccccc2n1,0
Cc1ccc(N(CC(=O)Nc2ccc(C)cc2C)S(=O)(=O)N2CCCC2)cc1,0
Cn1c2c(c(=O)n(C)c1=O)C[NH+](CC1CCCO1)CN2,0
COc1cc(OC)c(NS(=O)(=O)c2cccc(C(=O)OCC(=O)NCC3CCCO3)c2)cc1Cl,0
COc1nc(N(C)S(=O)(=O)c2ccc(C)cc2)nc(C)c1Cl,0
O=C([O-])COc1ccc(OCC[NH2+]C[C@H](O)COc2ccccc2)cc1,0
CCOC(=O)C1CCC[NH+](Cc2cc(=O)oc3cc(C)c(C)cc23)C1,0
O=c1oc2ccc(Br)cc2cc1S(=O)(=O)c1ccc(F)cc1,0
Cc1[nH]c(=O)c(C#N)cc1-c1ccncc1,0
CCN(CC)/N=N/c1ccc(C(=O)[O-])cc1,0
O=S(=O)([O-])c1cc(/N=N\c2cccc3ccccc23)c(O)c2ncccc12,0
COc1ccc2[nH]cc(CCNC(=S)NCCc3ccccc3)c2c1,0
C(=C/c1ccccc1)\C=N\Nc1nc2ccccc2[nH]1,0
Cc1cccc(/C=N/NC(=O)Cn2nccc2C)n1,0
CC1C[NH+](C)C(C)C/C1=N\Oc1ccc([N+](=O)[O-])cc1,0
Cn1cnc2c(NCc3ccccc3)nc(NCCO)nc21,0
CC(OC(=O)c1ccncc1)C(=O)Nc1cc(S(=O)(=O)N2CCCCC2)ccc1Cl,0
CCN(CC)c1ccc(NC(=O)C[NH+]2CCN(c3ccccc3F)CC2)cc1,0
O=C(CSc1ccc(Cl)cc1)NNC(=O)c1cccnc1,0
CCc1ccc(C2C(C#N)=C(N)N([NH+]3CCOCC3)C3=C2C(=O)CC(C)(C)C3)s1,0
O=C([O-])CSc1ncccc1C(=O)[O-],0
COc1cc(C(=O)NCC(=O)OCCN2C(=O)c3ccccc3C2=O)cc(OC)c1OC,0
CS(=O)(=O)N1CCC(C(=O)Nc2ccc(F)cc2F)CC1,0
O=C1c2ccccc2C(=O)C1c1ccccc1,0
Cc1nnc(NC(=O)c2cccc(Br)c2)s1,0
O=C(OCc1ccccc1)N1CCOCCOCCN(C(=O)OCc2ccccc2)CCOCCOCC1,0
CCN1CCN(CC(=O)N2N=C(c3ccc(OC)cc3)CC2c2ccc(OC)cc2)C(=O)C1=O,0
CC1(C)CC(=O)C(/C=N/n2c(C(F)(F)F)nc3ccccc3c2=O)=C([O-])C1,1
N#CCSc1ccc(-c2nc3ccccc3[nH]2)cn1,0
O=C([O-])CC[C@]1(C(=O)[O-])CCC(=O)c2ccccc21,0
CCc1ccc(NC(=O)Cn2ncc3c4ccccc4n(C)c3c2=O)cc1,0
Cc1ccc(CNC(=O)C2(c3cccs3)CCOCC2)cc1,0
Cc1cccc(NC(=S)NC(=O)/C=C/c2ccccc2)n1,0
Cc1ccc(C[NH+](C)CC(=O)Nc2ccc3c(c2)CCC3)cc1,0
CN(CCCNC(=O)C1CCC(=O)N1Cc1ccc(F)cc1)c1ccccc1,0
O=C(NCC1OCCc2ccccc21)c1cc(COc2ccc(F)cc2Cl)on1,0
CC(C)Sc1nnc(CNC(=O)C23CC4CC(CC(C4)C2)C3)n1Cc1ccccc1,0
O=C(c1ccc(Cn2cc(Br)cn2)o1)n1cccn1,0
CCCC(c1nnnn1CC1CCCO1)[NH+]1CCN(c2cc(Cl)ccc2C)CC1,0
CCC1(C)N([O-])C(C)(C)C(c2ccc(OC)cc2)=[N+]1[O-],0
COc1ccccc1OCC(=O)Nc1ccc(S(=O)(=O)[N-]c2nc(C)cc(C)n2)cc1,0
Cc1ccc(C(=O)Oc2cc(C)nn3cnnc23)cc1,0
COc1ccc2c(c1)CCc1c(C(=O)NCc3ccco3)noc1-2,0
C[NH+]1CCN(C(=O)/C=C/c2ccc3c(c2)OCO3)CC1,0
O=C(c1cc(C(F)(F)F)cc(C(F)(F)F)c1)N1CCC2(CCC[NH+](Cc3nccs3)C2)CC1,0
O=C(Nc1ccccc1)N1CCN(c2cccc(C(F)(F)F)c2)CC1,0
CCN(C(=O)c1cc2ccccc2o1)C12CC3CC(CC(C3)C1)C2,0
CCn1c(CNC(=O)c2ccco2)nnc1SCC(=O)c1ccccc1,0
O=C(CSc1nc2ccccc2c(=O)n1-c1ccccc1)N1CCc2ccccc21,0
Cc1cc(C)c(S(=O)(=O)N(C)CC(=O)NC2CCCC2)c(C)c1,0
CC1(C)CC(=O)C=C([NH2+]C2CC(C)(C)[NH2+]C(C)(C)C2)C1,0
COCC(=O)OCC(=O)Nc1cc(C(C)(C)C)nn1-c1ccccc1,0
COc1ccc(C(=O)NC2CCCc3ccccc32)cc1S(=O)(=O)N1CCOCC1,0
CCOC(=O)c1[nH]c2ccc(C)cc2c1[NH+]=CN(CC)CC,0
CNC(=O)C1CCC(=O)N1Cc1ccccc1Cl,0
CCOc1ccc(Nc2oc(-c3ccccc3Cl)nc2C#N)cc1,0
Oc1ccc(/N=N/c2ccc3c(c2)OCCO3)c2ncccc12,0
Cc1ccc(-n2cccc2/C=C2/NC(=O)N(CC(=O)Nc3cccc(C)c3)C2=O)cc1,0
Cc1cc(C)nc(NCC(O)COc2ccccc2C)n1,0
O=C(/C=C\c1ccccc1[N+](=O)[O-])Nc1ccccc1,0
O=C(C[NH+]1CCN(c2ccccc2F)CC1)Nc1ccc2c(c1)CCC2,0
CC(C)C(c1nnnn1CC1CCCO1)[NH+]1CCN(C2CCCC2)CC1,0
Cc1c(NC(=O)/C(C#N)=C/C2CC=CCC2)c(=O)n(-c2ccccc2)n1C,0
COC(=O)c1cnc2c(C(F)(F)F)cccc2c1OC,0
CCc1ccc(OCCCC(=O)Nc2ccc(S(N)(=O)=O)cc2)cc1,0
COCC(=O)NC1CC2CCC(C1)N2C(=S)Nc1ccccc1C(=O)OC,0
NS(=O)(=O)c1cc2c(cc1C(F)(F)F)NCNS2(=O)=O,0
Cc1cc(N2CCN(c3ccc(F)cc3)CC2)nc(-c2ccccc2)n1,0
C=CCn1c(SCC(=O)NCc2ccccc2)nnc1-c1ccccc1O,0
CC(C)[NH2+]CC(O)COC1C2CC3CC(C2)CC1C3,0
Cc1nn(Cc2ccccc2Cl)c(C)c1C(=O)NCCN1C(=O)S/C(=C\c2ccccc2)C1=O,0
CCN1C(=O)C(=C/C=C/c2ccco2)C(=O)N(CC)C1=S,1
COC(=O)CSc1nc(C)c(C(C)=O)cc1C#N,0
O=C(CSc1nnnn1-c1cccc(F)c1)Nc1nc2ccccc2s1,0
O=C1c2ccncc2C(=O)N1CNc1ccc(Cl)cc1,0
CC(=O)c1cccc(NC(=O)N2CCC(NC(=O)C34CC5CC(CC(C5)C3)C4)CC2)c1,0
N=c1[nH]c(-c2ccccc2)c(CC(=O)[O-])s1,0
O=C(c1ccncc1)N(Cc1ccccc1)Cc1nc(O)c2ccccc2n1,0
CN(c1ccccc1)C(c1ccc(F)cc1)c1nnnn1CC1CCCO1,0
O=C([O-])CC/C(=N\NC(=O)CNC(=O)c1cccc(Cl)c1)c1ccccc1,0
O=P1(NC2CCCC2)COc2ccccc2OC1,0
COc1ccc(OC)c(NC(=O)CN2C(=O)c3ccccc3S2(=O)=O)c1,0
CC(=O)Cc1nsc(NC(=O)c2ccc(Br)o2)n1,0
COCCNC(=O)C1CC(=O)N(c2ccc(OC)cc2)C1c1ccc(OC)cc1,0
O=C(NCCN1C(=O)C2C3C=CC(C3)C2C1=O)N1CCCCC1,0
CC(C)[NH+]1CCN(Cc2nc3ccccc3s2)CC1CCO,0
Cn1c2c(c(=O)n(C)c1=O)C(c1cccc([N+](=O)[O-])c1)Nc1ccccc1O2,0
Cc1ccc(CNC(=O)c2ccc([N+](=O)[O-])o2)cc1,0
Cc1c(N(C(=O)c2ccccn2)C2(C(=O)NC3CCCCC3)CCCCC2)c(=O)n(-c2ccccc2)n1C,0
COC(=O)/C(=C1/Oc2cc(C)oc(=O)c2S1)C(F)(F)F,0
O=C1c2ccccc2C(=O)C12OC(c1ccccc1)C1(C(=O)c3ccccc3C1=O)C2c1cccc([N+](=O)[O-])c1,0
CCNC(=S)Nc1c(C)n(C)n(-c2ccccc2)c1=O,0
COC(=O)c1sc(NC(=O)COc2ccccc2OC)nc1C,0
O=C1CSCN1c1cc(Cl)ccc1Cl,0
COc1cccc(CC2(CO)CCC[NH+](Cc3c[nH]nc3-c3ccccc3)C2)c1,0
O=C(NC(C(=O)c1ccccc1)[NH+]1CCOCC1)c1ccccc1,0
CC(=O)OC(C)CS(=O)(=O)c1ccccc1,0
CSc1nc(N)nc(-c2cccs2)c1C#N,0
CC1C(c2ccccc2)=[N+]([O-])C2(CCCCC2)N1[O-],0
CCCC[NH+]1CC(=O)C(c2nc(-c3ccc(Cl)cc3)cs2)=C1N,0
CCOc1cc(C(=O)OCC(=O)c2c(N)n(C)c(=O)n(C)c2=O)cc(OCC)c1OCC,0
C/C(CCN1CCCc2nc(C)c(C)cc21)=N\O[C@@H](C)CN1CCCCc2nc(C)c(C)cc21,0
Cc1ccc(-n2nc(C)c(C3C(C#N)=C([NH3+])OC4=C3C(=O)CC(C)(C)C4)c2Cl)cc1,0
Cc1ccc(-c2nc(C)sc2CC(=O)Nc2nnc(C)s2)cc1,0
c1coc(CNc2[nH]cnc3ncnc2-3)c1,0
CC(C)=CC[NH+]1CCN(Cc2ccoc2)CC1CCO,0
COCCn1c(CCC(=O)[O-])nc2c1c(=O)[nH]c(=O)n2CC(C)C,0
O=C(Nc1ccc(OC(F)F)cc1)c1ncc(Cl)c(Cl)c1Cl,0
CCCNC(=S)Nc1cccc(C(F)(F)F)c1,0
CCCCCCC(=O)NN/C=C1\C(=O)NC(=O)N(CCc2ccccc2)C1=O,0
Cc1cccc(NC(=O)c2cc3ccccc3o2)c1,0
Cc1ccc(S(=O)(=O)N(C)CC(=O)N2CCN(c3ccccn3)CC2)cc1,0
COc1ccc(/C=C(\C#N)C(=O)OCC(=O)Nc2c(C)cccc2C)cc1,0
Cc1ccccc1-n1c(=O)cc(N2CCCCCC2)[nH]c1=O,0
Clc1ccc2nc(-c3ccncc3)cc(-c3ccccc3)c2c1,0
Cc1cc(C(=O)CSc2nnnn2-c2ccc(O)cc2)c(C)n1C,1
CCOC(=O)N1CCN(C(=O)/C=C/c2ccc([N+](=O)[O-])cc2)CC1,0
O=C(C[n+]1ccccc1)N/N=C/c1ccco1,0
NC(=O)COC(=O)c1ccc(Cl)c(S(=O)(=O)N2CCN(c3ccc(F)cc3)CC2)c1,0
CC1CCN(S(=O)(=O)c2ccc(NC(=O)c3cccs3)cc2)CC1,0
Cc1cccc(NC(=O)CNC(=O)COc2ccc(C(=O)c3ccc(F)cc3)cc2)c1C,0
COc1ccc(NC(=O)c2ccco2)cc1NC(=O)c1ccco1,0
CCCCCC[NH+]1CCN(c2ccccc2Cl)CC1,0
COc1ccc(NC(=O)N2CCCC(CNS(=O)(=O)c3cccs3)C2)c(C)c1,0
Cc1ccc(-c2nc(NCc3ccco3)n(S(C)(=O)=O)n2)cc1,0
CN(C(=O)Oc1cccc2cccnc12)c1ccccc1,0
Cc1cc(C)nc(SCc2nnc(SCC(=O)Nc3ccc(Cl)c(C(F)(F)F)c3)o2)n1,0
CCC1Nc2ccccc2-c2nnc(SC)nc2O1,0
COc1ccc2cc(C3(C)NC(=O)N(CC(=O)NCc4ccco4)C3=O)ccc2c1,0
COc1ccc(-c2coc3cc(OC)cc(OC)c3c2=O)cc1,0
CC1=C(C#N)C(=O)N(C)C(=O)/C1=N\c1ccc(N(C)C)cc1,1
COc1ccc(C(c2nnnn2C(C)(C)C)[NH+]2CCN(c3nc4ccccc4s3)CC2)cc1OC,0
CC(C)(C)n1nnnc1C(c1ccc(Cl)cc1)N1CCCc2ccccc21,0
CCC(c1nnnn1Cc1ccc(OC)cc1)[NH+]1CCN(c2ccc(OC)cc2)CC1,0
COc1ccc(C(=O)Cn2c(Br)nc3c2c(=O)n(C)c(=O)n3C)cc1,0
C=CCNC(=O)NC(=O)COC(=O)COc1ccc(Br)cc1F,0
O=C1CCN(S(=O)(=O)c2ccccc2)N1,0
Cc1nn(C)c(C)c1Sc1ccc(Br)cc1,0
CC(C)(C)OC(=O)N1CCCC1C(=O)NC(Cc1ccccc1)C(=O)[O-],0
CCOC(=O)[N-]C(=S)Nc1c(C)n(C)n(-c2ccccc2)c1=O,0
COc1ccc(NC(=O)C(=O)NNC(=O)C(C)Oc2ccc(Cl)cc2Cl)cc1,0
Cc1cc(Br)ccc1NCc1ccccn1,0
CCOc1ccc(/C=C2\SC(=S)N(CC(=O)N(CCO)C(C)(C)C)C2=O)cc1,0
OCC(O)C(O)C(O)C(O)CO,0
C[NH+](C)Cc1cc(CCNC(=O)c2ccc(Cl)cc2)ccc1O,0
O=C(CCCC(=O)N(CC(=O)NC1CCCC1)Cc1ccccc1)Nc1ccccn1,0
CN(C)c1cccc(C(=O)NCC2([NH+](C)C)CCCCC2)c1,0
Cn1nc(CC(=O)NCCN2C(=O)CSC2=O)c2ccccc2c1=O,0
CN(c1ccccc1C(=O)Nc1ccc2c(c1)OCO2)S(C)(=O)=O,0
CCOC(=O)c1cnc2c(cnn2C)c1OC(CCNS(C)(=O)=O)C(F)(F)F,0
CCN1C(=O)CC([NH+]2CCN(c3ccc(C(=O)c4ccncc4)cc3)CC2)C1=O,0
CCOP(=O)(OCC)C(C)(C)NC(=O)c1cc([N+](=O)[O-])cc([N+](=O)[O-])c1,0
COc1ccc(NS(=O)(=O)c2ccc(N3CCOCC3)c(NC(=O)c3ccc(OC)cc3)c2)cc1,0
O=C(CNc1cccc2ccccc12)N/N=C/c1ccc(OC(=O)/C=C/c2ccco2)cc1,0
COc1ccc(C(=O)NN2CC(=O)C(c3nc4ccccc4n3C)=C2[NH3+])cc1OC,0
O=S1(=O)N=C2CCCN2C(c2ccc(F)cc2)N1,0
Cc1ccc(C(=[NH2+])NOC(=O)CSc2ccccc2)cc1,0
COc1ccc(OC)c(NC(=O)CC2C(=O)NCCN2C(=O)Nc2cccc(Cl)c2)c1,0
CCOC(=O)c1ccc(NC(=O)Nc2ccc(S(N)(=O)=O)cc2)cc1,0
Cc1ccc(C(C)C)c(OCCCN2C(=O)NC(C)(C)C2=O)c1,0
CC(=O)c1c(C)nc(C)nc1NC(=O)Cc1ccccc1,0
COc1ccc(C2C(C(C)=O)=C(O)C(=O)N2c2nccs2)c(OC)c1,0
CCCSc1nnc(N2C(=O)CC(c3ccsc3)C3=C2CCCC3=O)s1,0
COc1ccccc1OCCC(=O)Nc1cccc(S(=O)(=O)N2CCCCC2)c1,0
CN1CC[NH+](Cc2nc3ccccc3c(=O)n2Cc2nc(-c3ccc([N+](=O)[O-])cc3)cs2)CC1,1
COc1ccc(S(=O)(=O)NCc2ccco2)cc1-c1nnc2c3ccccc3c(C)nn12,0
O=C(CSc1nnc(C[NH+]2CCOCC2)n1-c1ccc(Cl)cc1)Nc1cc(Cl)ccc1O,0
CCOC(=O)c1ccc(CS(=O)c2ccc(Cl)cc2)o1,1
COc1ccc(CNC(=O)c2c(F)c(F)c(F)c(F)c2F)cc1,0
Cc1ccc(-c2noc(COc3ccccc3C)n2)cc1,0
CC(C)CCNC(=O)CCc1nnc(COc2ccccc2)o1,0
CCN(CC)C(=O)c1cn(C)c(=O)c2cc(OC)c(OC)cc12,0
Cc1cccc(Cc2ccc(Cl)nn2)c1,0
COc1ccc(OCC(=O)N2CCN(c3cccc(C(F)(F)F)c3)CC2)cc1,0
C=CCn1c(=O)c2ccc(C(=O)NCc3ccccc3)cc2n(Cc2ccccc2Cl)c1=O,0
CC(=O)OCc1c(C(F)(F)F)nn(C)c1Sc1ccccc1,0
Cc1nc2ccccc2c(=O)n1NC(=O)Cc1ccc(Br)cc1,0
CCOCCCNC(=O)CCCC1=NS(=O)(=O)c2ccccc2N1,0
COC(=O)c1ccc(NC(=S)NC2CC2)cc1,0
COc1ccccc1-c1nnc2sc(COc3ccc(Cl)cc3)nn12,0
CC(C)NC(=O)C(=O)NNC(=O)CCc1ccccc1,0
CS(=O)(=O)N1CCC[C@@]2(CCN(c3cc[nH+]cc3)C2)C1,0
O=C(COc1ccc(Cl)cc1)NCc1nnc(SCC(=O)NCC2CCCO2)o1,0
O=C(NCCC[N+]1=CC=N[C@H]1c1ccccc1)N1CCCc2nc(-c3ccc(Br)cc3)ccc21,0
Cn1c(=O)c2[nH]c(C3CCCC3)nc2n(C)c1=O,0
Cc1ccc(CC(CC(=O)[O-])C(=O)NCc2ccccc2)cc1,0
COC(=O)CCC(=O)Nc1sc(Cc2ccccc2)c(C)c1C(N)=O,1
COC(=O)CN1C(=O)C(C)(C)Oc2ccc(C(=O)NC3CC3)cc21,0
CN(C)C(=S)SCC(=O)NC(=O)NC(C)(C)C,0
Cc1ccc(NC(=O)c2ccc3c(c2)N(CC(=O)N2CCCCC2)C(=O)C(C)(C)O3)cc1,0
CCCC/C(C)=N/NC(=O)NC1CCCCC1,0
O=C(c1cccnc1)N1CCC(Oc2ccc(C(=O)N3CCCC(O)C3)cc2)CC1,0
COc1cc(OC)c(OC)cc1/C=N/NC(=O)c1cc(-c2cccn2C)[nH]n1,0
COc1ccc(CNC(=O)/C=C/c2ccc(OCCCF)cc2)cc1,0
CCC1Oc2ccc(C)cc2N(CC(=O)NCC2COc3ccccc3O2)C1=O,0
COCc1n[nH]c2c1C(c1ccc(OC)cc1)C(C#N)=C([NH3+])O2,0
O=[N+]([O-])c1ccc(COn2nnc3ccccc32)cc1,0
Cc1ccc(-c2nnc(O)c3ccccc23)cc1S(=O)(=O)Nc1ccccc1,0
COc1cc(C2CC(=O)Oc3c2c(=O)n(C)c2ccccc32)ccc1O,0
O=S(=O)(NCc1ccco1)N1CCOCC1,0
O=C1CSC(c2ccc(Cl)cc2)N1C1CCCCC1,0
BrC(=C\c1ccccc1)/C=N/N1CC[NH+](Cc2ccccc2)CC1,0
COCCn1nnnc1C(C(C)C)[NH+]1CCOCC1,0
COC(=O)Cc1ccc(N(Cc2ccccc2F)S(=O)(=O)c2ccc(Br)cc2)cc1,0
CC(=O)N(c1cccc(C)c1)C1SC(=O)N(c2ccccc2)C1=O,1
Cc1onc(-c2c(Cl)cccc2Cl)c1C(=[NH2+])NOC(=O)C(C)(C)C,0
O=C([O-])c1cccc(CSc2nnc(-c3ccco3)o2)c1,0
CC1CCCCC1NC(=O)Cn1c(C[NH+]2CCCCC2)nc2ccccc2c1=O,0
COc1ccc(C(=O)N2CCN(c3nc4ccccc4o3)CC2)cc1OC,0
COc1cc(OC)nc(-n2ncc(OC)c(Br)c2=O)n1,0
CCCNC(=O)c1nc(C)n(-c2ccc([N+](=O)[O-])cc2)n1,0
N#CCSc1nnc(C2CCCCC2)n1Cc1ccccc1,0
O=C(CCCCl)NC1=[NH+]N(c2ccccc2)C(=O)C1,1
CCN(c1ccccc1)S(=O)(=O)c1ccc(Cl)c(NC(=O)CSc2nncs2)c1,0
COc1ccc(C(c2sc3ncnn3c2O)[NH+]2CC(C)OC(C)C2)cc1OC,0
O=C(Cn1c(CO)nc2ccccc21)NCCc1ccc(F)cc1,0
